Auteur,Titre,Dedicace,Marque-pages,Goodies,ISBN,Format, Prix ,Date d'achat,Date de lecture,Relecture,Chronique ecrite,Chronique publier,D�tails,Maison d'edition,Nombre de pages,Notation,Genre,Couple
12 mains,L'amour s'invite � no�l,,,,978-2-298-16712-2,Papier, 5,99 � ,12/10/2021,31/05/2022,,,,,Editions France Loisirs,273,Bronze,Romances de no�l,Multiples
A.J. Broochmitt,Ces maux que nous taisons,,,,978-2-755-67830-7,Papier, 17,00 � ,08/03/2025,,,,,,Hugo Romans,442,,Romance contemporaine,
Acacia Black,Midnight kiss,,,,979-1-042-90092-2,Papier, 18,00 � ,26/05/2025,,,,,,Hugo Romans,689,,Campus Romance,Nova & Cassius
Adriana Dreux,Mysterious R,,,,978-2-755-69193-1,Papier, 7,60 � ,27/05/2023,07/01/2024,,,,,Hugo Poche,391,Bronze,Com�die romantique,Angela & Andrea
AG Nevro,Not this time,,,,978-2-380-15655-3,E-book, 7,99 � ,23/06/2023,,,,,,Nisha & Caetera,528,,,
Alex Aster,Lightlark T1,,,,978-2-371-02370-3,Papier, 17,00 � ,01/04/2023,,,,,,Lumen,600,,,
Alex Flinn,Kendra Chronicles T1 VO - Beasty,,,,978-0-061-99866-9,Papier, 11,90 � ,07/08/2022,,,,,,Harper Teen,300,,,
Alexandra Ivy,Les Guardiens de l'�ternit� T5,,,,978-2-811-20657-4,Papier, 8,00 � ,15/09/2019,,,,,,Editions Milady,465,,,
Alexandra Ivy,Les Gardiens de l'�ternit� T1,,,,978-2-811-20512-6,Papier, 7,10 � ,,,,,,,Editions Milady,371,,,
Alexiane De Lys,De sang, d'�cume et de glace T1,,,,979-1-022-40577-5,Papier, 7,95 � ,13/04/2024,,,,,Am�lie,Michel Lafon Poche,624,,,
Ali Hazelwood,Bride,,,,978-2-811-22683-1,Hard back, 24,95 � ,17/02/2025,,,,,Kevin,Editions Milady,442,,,
Alice Oseman,Solitaire T1,,,,978-2-095-02718-6,Hard back, 23,90 � ,07/02/2024,,,,,,Nathan Romans,395,,,
Alice Oseman,Heartstopper T1,,,,978-2-017-10831-3,BD, 12,90 � ,22/03/2025,25/03/2025,,,,,Hachette Romans,269,Argent,Romance contemporaine,Charle & Ben
Alice Oseman,Heartstopper T2,,,,978-2-017-10832-0,BD, 13,90 � ,02/05/2025,05/06/2025,,,,,Hachette Romans,305,,Romance contemporaine,Charle & Ben
Alice Oseman,Heartstopper T3,,,,978-2-017-11426-0,BD, 13,90 � ,02/05/2025,,,,,,Hachette Romans,,,Romance contemporaine,Charle & Ben
Alice Oseman,Heartstopper T4,,,,978-2-017-11432-1,BD, 13,90 � ,02/05/2025,,,,,,Hachette Romans,,,Romance contemporaine,Charle & Ben
Amanda Grange,Le journal de Mr Darcy,,,,978-2-381-22268-4,Papier, 6,90 � ,30/11/2021,13/12/2021,,,,,Editions Haute Ville,379,Or,Romance aristocratique,Elisabeth Bennet & Flitzwilliam Darcy
Am�lie Nothomb,M�taphysique des tubes,,,,301-0-000-09197-4,Papier, 1,50 � ,24/06/2018,19/06/2021,,,,,Le Livre de Poche,157,Or,Roman autobiographique,O
Am�lie Nothomb,Stupeur et tremblements,,,,978-2-253-15071-8,Papier, 6,20 � ,12/05/2021,08/07/2021,,,,,Le Livre de Poche,187,Argent,,
Am�lie Nothomb,Premier sang,,,,978-2-226-46538-2,Papier, 17,90 � ,20/08/2021,20/07/2022,,,,,Albin Michel,173,Or,,
Am�lie Nothomb,Mercure,,,,978-2-253-14911-8,Papier, 6,40 � ,20/08/2021,28/08/2021,,,,,Le Livre de Poche,169,Argent,,
Am�lie Nothomb,Ni d'Eve ni d'Adam,,,,978-2-253-12454-2,Papier, 6,90 � ,20/08/2021,29/03/2022,,,,,Le Livre de Poche,183,Or,,
Am�lie Nothomb,Les pr�noms �pic�nes,,,,978-2-253-10165-9,Papier, 6,90 � ,20/08/2021,25/04/2022,,,,,Le Livre de Poche,145,Argent,,
Am�lie Nothomb,Les a�rostats,,,,978-2-253-93687-9,Papier, 6,90 � ,20/08/2021,07/07/2022,,,,,Le Livre de Poche,155,Or,,
Am�lie Nothomb,Acide sulfurique,,,,978-2-253-12118-3,Papier, 6,20 � ,20/08/2021,30/03/2022,,,,,Le Livre de Poche,213,Or,,
Am�lie Nothomb,Le fait du Prince,,,,978-2-298-02026-7,Hard back, 16,00 � ,14/07/2022,06/02/2023,,,,,Editions France Loisirs,170,Argent,,
Am�lie Nothomb,La nostalgie heureuse,,,,978-2-226-24968-5,Papier, 16,50 � ,14/07/2022,,,,,,Albin Michel,152,,,
Am�lie Nothomb,Tuer le p�re,,,,978-2-226-22975-5,Papier, 16,00 � ,14/07/2022,,,,,,Albin Michel,151,,,
Am�lie Nothomb,Le livre des s�urs,,,,978-2-226-47636-4,Papier, 18,90 � ,14/07/2022,,,,,,Albin Michel,194,,,
Am�lie Nothomb,Riquet � la houppe,,,,978-2-253-07367-3,Papier, 6,90 � ,14/07/2022,,,,,,Le Livre de Poche,184,,,
Am�lie Nothomb,P�tronille,,,,978-2-226-25831-1,Papier, 16,50 � ,14/07/2022,02/11/2022,,,,,Albin Michel,169,Diamant,,
Am�lie Nothomb,Barbe bleue,,,,978-2-253-19414-9,Papier, 5,10 � ,14/07/2022,23/11/2022,,,,,Le livre de Poche,125,Diamant,,
Am�lie Nothomb,Hygi�ne de l'assassin,,,,978-2-253-11118-4,Papier, 6,20 � ,03/02/2023,,,,,,Le Livre de Poche,222,,,
Am�lie Nothomb,M�taphysique des tubes,,,,978-2-226-11668-0,Papier, 16,90 � ,11/04/2025,19/06/2021,,,,FLP 2025,Albin Michel,171,Or,Roman autobiographique,O
Ange Edmond,Little Odessa,,,,978-2-379-03213-7,Papier, 18,00 � ,11/08/2021,25/08/2021,,,,,Black ink',529,Diamant,Romance contemporaine,Lorelia & Vadim
Angel Arekin,Hidden Desire INTEGRALE,,,,978-2-379-93161-1,Papier, 17,00 � ,11/08/2021,20/12/2021,,,,,Black ink',531,Bronze,Romance contemporaine,Merryn & Declan
Angel Arekin,Ruine T1 - Chasse � l'homme,,,,978-2-381-99048-4,E-book, 7,99 � ,29/06/2023,,,,,,Plume Blanche,324,,,
Ann Brashares,Quatre filles et un jean T1,,,,978-2-070-55162-0,Papier, 7,60 � ,08/07/2020,,,,,Jimy,Gallimard Jeunesse - Pole fiction,377,,,
Ann Brashares,Quatre filles et un jean T2,,,,978-2-070-55162-0,Papier, 7,60 � ,08/07/2020,,,,,Jimy,Gallimard Jeunesse - Pole fiction,467,,,
Ann Brashares,Ici et maintenant,,,,978-2-070-66709-3,Papier, 6,10 � ,17/04/2021,25/07/2021,,,,,Gallimard Jeunesse - Pole fiction,279,Argent,Dystopie romantique,Prenna & Ethan
Anna Todd,After T1,,,,978-2-253-19458-3,Papier, 9,90 � ,06/07/2018,25/07/2022,,,,,Le Livre de Poche,810,Bronze,Romance contemporaine,Tessa & Hardin
Anna Todd,After T2,,,,978-2-253-19459-0,Papier, 8,90 � ,19/08/2018,20/11/2022,,,,,Le Livre de Poche,857,Argent,Romance contemporaine,Tessa & Hardin
Anna Todd,After T3,,,,978-2-253-19460-6,Papier, 8,20 � ,13/01/2023,,,,,,Le Livre de Poche,567,,Romance contemporaine,Tessa & Hardin
Anna Todd,After T4,,,,978-2-253-06908-9,Papier, 7,90 � ,30/04/2023,,,,,,Le Livre de Poche,474,,Romance contemporaine,Tessa & Hardin
Anna Todd,Landon T1,,,,978-2-253-06956-0,Papier, 7,30 � ,04/02/2023,,,,,,Le Livre de Poche,343,,Romance contemporaine,
Anna Todd,Landon T2,,,,978-2-253-06957-7,Papier, 7,90 � ,04/02/2023,,,,,,Le Livre de Poche,399,,Romance contemporaine,
Anna Triss,La Reine Courtisane,,,,978-2-379-93034-8,E-book, 4,99 � ,29/11/2022,10/03/2023,,,,,Black Ink',464,Or,Dark romantasy,Alena & Sylvan
Anna Triss,La Guilde des ombres T1 P1,,,,978-2-381-99019-4,E-book, 7,99 � ,27/06/2023,11/10/2024,,,,,Plume Blanche,560,Diamant,Dark romantasy,O
Anna Triss,La Guilde des ombres T1 P1,,,,978-2-381-99003-3,Papier, 20,00 � ,15/10/2024,11/10/2024,,,,,Plume Blanche,560,Diamant,Dark romantasy,O
Anna Triss,La Guilde des ombres T1 P2,,,,978-2-381-99004-0,Papier, 20,00 � ,15/10/2024,27/10/2024,,,,,Plume Blanche,554,Diamant,Dark romantasy,Panama & Khamar
Anna Triss,Divine Darkness T1,,,,978-2-755-67344-9,Papier, 18,00 � ,31/10/2024,,,,,FNR 2024,Hugo Romans,387,,,
Anna Triss,Divine Darkness T2,X,,,978-2-755-67346-3,Papier, 18,00 � ,02/11/2024,,,,,FNR 2024 Am�lie,Hugo Romans,404,,,
Anna Triss,Divine Darkness T3,X,,,978-2-755-67348-7,Papier, 18,00 � ,03/11/2024,,,,,FNR 2024,Hugo Romans,574,,,
Annabel Chase,London Hayes T1,,,,978-2-378-12644-5,E-book, 5,99 � ,29/06/2023,,,,,,Editions Alter Real,276,,,
Anne Bishop,Joyaux noirs T3,,,,978-2-811-22229-1,Papier, 8,20 � ,13/10/2023,,,,,,Editions Milady,596,,,
Anne Bishop,Meg Corbyn T1,,,,978-2-811-21304-6,Papier, 8,20 � ,,,,,,,Editions Milady,644,,,
Anne Bishop,Joyaux noirs T1,,,,978-2-811-22091-4,Papier, 7,90 � ,,,,,,,Editions Milady,598,,,
Antoine de Saint Exupery,Le Petit Prince,,,,978-2-070-61275-8,Papier, 7,50 � ,20/06/2021,30/06/2021,,,,,Folio Junior,117,Diamant,Conte,O
Arielle H�ra,L'�quation,,,,978-2-371-26723-7,Hard back, 24,90 � ,11/04/2025,,,,,FLP 2025,Addictives,451,,,
Ashley Jade,Royal hearts academy T1,,,,978-2-280-46738-4,E-book, 6,99 � ,29/11/2022,,,,,,Harper Collins,512,,,
Ashley Lissamash,Intemp�ries,,,,979-1-032-64365-5,Papier, 22,90 � ,12/09/2021,08/02/2022,,,,,Editions Sydney Laurent,500,Bronze,Romance contemporaine,Alexandria & Chester
Aveline Stokart & Kid Toussaint,Elles T1,,,,978-2-803-67824-2,BD, 13,95 � ,02/12/2022,07/01/2023,,,,SLPJ 2022,Le Lombard,90,Argent,BD adolescente,O
Aveline Stokart & Kid Toussaint,Elles T2,,,,978-2-808-20000-4,BD, 13,95 � ,25/02/2023,11/03/2023,,,,,Le Lombard,90,Argent,BD adolescente,O
Aveline Stokart & Kid Toussaint,Elles T3,,,,978-2-808-20618-1,BD, 13,95 � ,06/07/2023,17/07/2023,,,,Lucien & Zo�,Le Lombard,95,Argent,BD adolescente,O
Azal�e Fray,Remember us,,,,978-2-380-15934-9,Papier, 17,90 � ,22/05/2024,,,,,,Nisha & Caetera,673,,,May-Lee & Kaiden
Baptiste Beaulieu,La mort est une garce,,,,978-2-253-19195-7,E-book, 1,00 � ,29/11/2022,,,,,,Le Livre de Poche,,,,
Bernard Werber,Cycle de Pandore T1,,,,978-2-253-93433-2,Papier, 8,70 � ,12/01/2022,,,,,,Le Livre de Poche,563,,,
Bernard Werber,L'ultime secret,,,,978-2-253-15398-6,Papier, 6,00 � ,25/06/2023,25/01/2021,,,,,Le Livre de Poche,379,Or,Thriller scientifique,O
Birdy Li,Sortiarius,,,,,E-book, 5,99 � ,29/11/2022,10/04/2023,,,,,Nisha & Caetera,231,Bronze,Romance fantastique,Solea & Joseph
Bram Stoker,Dracula,,,,978-2-809-49356-6,Hard back, 6,99 � ,12/12/2020,07/02/2021,,,,,Panini Books,423,Diamant,Fantastique,O
Brenda CM,Fight for me T1,,,,978-2-390-45242-3,E-book, 9,99 � ,29/11/2022,,,,,,Editions So Romance,,,,
Brigid Kemmerer,The cursebreakers T1,,,,978-2-017-21358-1,Papier, 9,90 � ,20/05/2023,,,,,Am�lie,Le Livre de Poche Jeunesse,684,,,
Brittainy C Cherry,The Compass series T1,,,,978-2-755-66385-3,Papier, 7,90 � ,13/04/2023,14/03/2024,,,,,Hugo Poche,469,Diamant,Drame psychologique,Kennedy & Jax
Brittainy C Cherry,The Compass series T2,,,,978-2-755-66386-0,Papier, 8,90 � ,06/03/2024,22/05/2024,,,,,Hugo Poche,521,Or,Drame psychologique,Aaliyah & Connor
Brittainy C Cherry,The Compass series T3,,,,978-2-755-66387-7,Papier, 8,90 � ,27/01/2025,,,,,,Hugo Poche,511,,Drame psychologique,Stella & Damian
Brittainy C Cherry,Problems T1,,,,978-2-755-67946-5,Papier, 18,50 � ,12/04/2025,,,,,FLP 2025,Hugo Romans,430,,Drame psychologique,
C.S. Fairy,Lumen,,,,978-2-493-07870-4,Papier, 19,99 � ,03/07/2023,22/02/2024,,,,,L'abeille bleue,488,Bronze,Romantasy,Lumen & Kei
C.S. Quill,49 jours, je compterai pour toi,X,,,978-2-755-64810-2,Papier, 7,60 � ,27/02/2023,06/04/2023,,,,,Hugo Poche,488,Diamant,Romance psychologique,Breen & Sawyer
C.S. Quill,Campus drivers T1,,,,978-2-755-68874-0,Papier, 8,50 � ,01/04/2023,,,,,,Hugo Poche,555,,Campus romance,
C.S. Quill,Abysses T1,,,,978-2-755-67976-2,Papier, 19,95 � ,12/05/2025,,,,,,Hugo Romans,597,,Drame psychologique,
Camille Pujol,Blue : La couleur de mes secrets,,,,979-1-022-40285-9,Papier, 6,60 � ,11/12/2020,12/12/2020,,,,,Michel Lafon Poche,232,Or,Drame psychologique,Blue & Nathan
Camille Sommerand,Black wheels T1,,,,,E-book, 5,99 � ,26/06/2023,22/09/2023,,,,,,,Bronze,Romance contemporaine bikers,Lana & Ash
Cara Solak,Etrangers INTEGRALE,,,,978-2-381-51221-1,Papier, 19,90 � ,11/04/2025,,,,,FLP 2025,Plumes du Web,527,,Dystopie romantique,Lilas & Adrien
Carrie Ann Ryan,Redwood T1,,,,978-2-811-22742-5,E-book, 5,99 � ,29/06/2023,,,,,,Editions Milady,288,,,
Cassandra Clare,The Mortal Instruments - Les Origines T1,,,,978-2-266-27872-0,Papier, 8,30 � ,02/12/2022,,,,,SLPJ 2022,PKJ,522,,,
Cassandra O'Donnell,Rebecca Kean T1,,,,978-2-290-03206-0,Papier, 12,50 � ,,,,,,,J'ai Lu Editions,474,,,
Cassandre Lambert,Celle que je cherchais,,,,978-2-278-12288-2,Hard back, 24,90 � ,02/12/2023,05/06/2024,,,,SLPJ 2023 Am�lie,Didier Jeunesse,419,Diamant,Drame psychologique,Armelle & Noah
Cathy Cassidy,Les filles au chocolat T5,,,,978-2-266-26546-1,Papier, 6,80 � ,12/01/2023,19/04/2024,,,,,PKJ,259,Bronze,Romance contemporaine,
Cathy Cassidy,Les filles au chocolat T5,5,,,,978-2-266-26547-8,Papier, 5,40 � ,13/01/2023,21/04/2024,,,,,PKJ,92,Bronze,Romance contemporaine,
Cathy Cassidy,Les filles au chocolat T5,7,,,,978-2-266-30496-2,Papier, 5,60 � ,13/01/2023,,,,,,PKJ,103,,,
Cathy Cassidy,Les filles au chocolat T6,5,,,,978-2-092-57378-5,Papier, 5,90 � ,13/04/2024,,,,,,Nathan,73,,,
Cathy Cassidy,Les filles au chocolat T1,,,,978-2-266-24525-8,Papier, 6,80 � ,,28/01/2023,,,,,PKJ,248,Argent,Romance contemporaine,Cherry & Shay
Cathy Cassidy,Les filles au chocolat T2,X,,,978-2-266-24526-5,Papier, 6,80 � ,,09/04/2023,,,,,PKJ,248,Argent,Romance contemporaine,Skye &
Cathy Cassidy,Les filles au chocolat T3,,,,978-2-266-25679-7,Papier, 6,80 � ,,19/06/2023,,,,,PKJ,240,Argent,Romance contemporaine,
Cathy Cassidy,Les filles au chocolat T3,5,,,,978-2-266-25812-8,Papier, 5,40 � ,,19/06/2023,,,,,PKJ,91,Bronze,Romance contemporaine,
Cathy Cassidy,Les filles au chocolat T4,,,,978-2-266-25813-5,Papier, 6,80 � ,,16/06/2023,,,,,PKJ,222,Bronze,Romance contemporaine,
Cathy Cassidy,Les filles au chocolat T6,,,,978-2-266-26548-5,Papier, 6,80 � ,,,,,,,PKJ,204,,,
C�cile Violette,Entre deux �toiles T1,X,,,978-2-380-15456-6,Papier, 16,90 � ,05/01/2023,22/06/2023,,,,,Nisha & Caetera,379,Diamant,Romance contemporaine,Scarlet & Oscar
C�cile Violette,Entre deux �toiles T2,X,,,978-2-380-15562-4,Papier, 16,90 � ,03/02/2023,22/06/2023,,,,,Nisha & Caetera,342,Diamant,Romance contemporaine,Scarlet & Oscar
C�cile Violette,Entre deux �toiles T1,,,,978-2-380-15457-3,E-book, 5,99 � ,30/06/2023,22/06/2023,,,,,Nisha & Caetera,560,Diamant,Romance contemporaine,Scarlet & Oscar
Cecy Robson,Les m�saventures des s�urs Wild : La mal�diction de Taran T1,,,,,E-book, 5,99 � ,26/06/2023,,,,,,,,,,
C�line Jeanne,Cuba Libre T1,,,,978-2-360-75706-0,E-book, 7,99 � ,29/06/2023,,,,,,Nisha & Caetera,671,,,
C�line Ruben,Nos �mes f�l�es,,,,978-2-380-15587-7,E-book, 7,99 � ,30/06/2023,,,,,,Nisha & Caetera,288,,,
Charles Baudelaire,Les fleurs du mal,,,,978-2-266-26982-7,Papier, 1,90 � ,14/03/2013,,,,,,Editions Pocket,172,,Po�sie,O
Chlo� Lomy,Backstages with you T1 - C�urs dissonants,,,,978-2-380-15289-0,E-book, 7,99 � ,27/06/2023,,,,,,Nisha & Caetera,223,,,
Chlo� Neill,Dark Elite T1,,,,978-2-362-31038-6,Papier, 12,90 � ,31/12/2022,11/01/2023,,,,St�phane,Editions Castelmore,319,Argent,Romance fantastique,Lily & Jason
Chlo� Neill,Dark Elite T2,,,,978-2-811-21132-5,Papier, 7,00 � ,31/12/2022,23/01/2023,,,,St�phane,Editions Milady,329,Argent,Romance fantastique,Lily & Jason
Chlo� Neill,Dark Elite T3,,,,978-2-811-21133-2,Papier, 7,00 � ,31/12/2022,26/01/2023,,,,St�phane,Editions Milady,307,Or,Romance fantastique,Lily & Jason
Chlo� Neill,Les vampires de Chicago T1,,,,978-2-820-51612-1,E-book, 5,99 � ,28/06/2023,22/12/2023,,,,,Editions Milady,480,Argent,,
Chlo� Wallerand,The Devil's sons T1,X,,,978-2-381-51108-5,Papier, 19,90 � ,07/08/2023,08/08/2024,,,,,Plumes du Web,450,Diamant,Dark romance bikers,Avalone & Clarke
Chlo� Wallerand,The Devil's sons T2,X,,,978-2-381-51129-0,Papier, 19,90 � ,08/08/2024,13/08/2024,,,,,Plumes du Web,458,Diamant,Dark romance bikers,Avalone & Clarke
Chlo� Wallerand,The Devil's sons T3,X,,,978-2-381-51146-7,Papier, 19,90 � ,08/08/2024,22/08/2024,,,,,Plumes du Web,454,Diamant,Dark romance bikers,Avalone & Clarke
Chlo� Wallerand,The Devil's sons T4,,,,978-2-381-51175-7,Papier, 19,90 � ,23/08/2024,29/08/2024,,,,,Plumes du Web,490,Diamant,Dark romance bikers,Avalone & Clarke
Chlo� Wilkox,The virgin's price,,,,978-2-371-26360-4,Papier, 14,90 � ,07/08/2022,11/10/2022,,,,,Addictives,339,Bronze,Romance contemporaine,Heaven & Jude
Christelle Dabos,La Passe-miroir T1,,,,978-2-070-46921-5,Papier, 8,70 � ,,,,,,,Folio Poche,571,,,
Christina Lauren,L'anti-lune de miel,,,,978-2-755-66303-7,Hard back, 9,95 � ,12/11/2022,02/03/2023,,,,,Hugo Poche,440,Or,Com�die romantique,Olive & Ethan
Christina Lauren,Un No�l sans fin,,,,978-2-755-66253-5,Papier, 7,90 � ,12/12/2022,,,,,,Hugo Poche,376,,Com�die romantique de no�l,
Christina Lauren,Love and other words,,,,978-2-755-68267-0,Papier, 7,60 � ,12/04/2023,14/04/2024,,,,,Hugo Poche,437,Argent,Romance contemporaine,Macy & Elliot
Christina Lauren,Twice in a blue moon,,,,978-2-755-66450-8,Papier, 7,90 � ,24/06/2023,09/02/2024,,,,,Hugo Poche,460,Argent,Com�die romantique,Tate & Sam
Christopher Paolini,Eragon - L�gendes d'Alaga�sia T1,,,,979-1-036-33316-3,Papier, 9,90 � ,,,,,,,Bayard,300,,,
CJ Ronnie,Black Riders T1,,,,978-2-755-63838-7,Papier, 8,50 � ,16/01/2020,,,,,,Hugo Poche,583,,Romance contemporaine bikers,Hayley & Jace
Claire Gratias,Orphans T1,,,,978-2-700-24269-0,Papier, 8,99 � ,02/12/2014,26/05/2020,,,,Donn� � Zo�,Rageot,288,Bronze,,
Clamp,Card Captor Sakura T1,,,,978-2-845-99031-9,Manga, 9,10 � ,02/12/2015,,,,,,Pika Editions,,,,
Clamp,Card Captor Sakura T5-6,,,,978-2-845-99980-0,Manga, 10,26 � ,02/12/2015,,,,,,Pika Editions - K�hai,,,,
Clamp,Card Captor Sakura - Clear Card T2,,,,978-2-811-63909-9,Manga, 7,20 � ,06/03/2024,,,,,,Pika Editions - Sh�jo,,,,
Clamp,Card Captor Sakura - Clear Card T3,,,,978-2-811-64201-3,Manga, 7,20 � ,06/03/2024,,,,,,Pika Editions - Sh�jo,,,,
Clamp,Card Captor Sakura - Clear Card T1,,,,978-2-811-63778-1,Manga, 7,20 � ,,,,,,,Pika Editions - Sh�jo,,,,
Clamp,Tsubasa Reservoir Chronicles T1,,,,978-2-845-99373-0,Manga, 7,20 � ,,,,,,,Pika Editions - Sh�nen,,,,
Clamp,Tsubasa Reservoir Chronicles T2,,,,978-2-845-99388-4,Manga, 7,20 � ,,,,,,,Pika Editions,,,,
Clamp,Tsubasa Reservoir Chronicles T3,,,,978-2-845-99406-5,Manga, 7,20 � ,,,,,,,Pika Editions,,,,
Clara Le Corre,Succubes T1,,,,978-2-380-15356-9,E-book, 7,99 � ,26/06/2023,,,,,,Nisha & Caetera,352,,,
Coco Row,Toxic love T1,,,,978-2-380-15017-9,Papier, 14,90 � ,12/05/2021,,,,,,Nisha & Caetera,254,,,
Colleen Hoover,C�urs et �mes,X,,,978-2-755-69344-7,Papier, 17,00 � ,21/04/2022,06/11/2022,,,,,Hugo Romans,279,Diamant,Romance psychologique,Beyah & Samson
Colleen Hoover,Regretting you,,,,978-2-755-69345-4,Papier, 8,50 � ,21/04/2022,25/06/2024,,,,,Hugo Poche,482,Argent,Romance psychologique,Morgan & Jonah / Clara & Miller
Colleen Hoover,Jamais plus T1,,,,978-2-755-63708-3,Papier, 7,60 � ,21/04/2022,18/07/2022,,,,,Hugo Poche,437,Argent,Drame psychologique,Lily & Ryle
Colleen Hoover,November 9,,,,978-2-266-27006-9,Papier, 8,30 � ,12/01/2023,,,,,,Pocket,380,,Drame psychologique,
Colleen Hoover,Jamais plus T2,,,,978-2-755-67089-9,Papier, 8,90 � ,07/02/2024,14/02/2024,,,,,Hugo Poche,421,Or,Drame psychologique,Lily & Atlas
Colleen Hoover,Reminders of him,,,,978-2-755-67079-0,Papier, 18,50 � ,25/12/2024,,,,,Corinne,Hugo Romans,423,,Romance psychologique,Kenna & Ledger
Confusius,Les entretiens,,,,978-2-070-78285-7,Papier, 3,50 � ,24/06/2017,,,,,,Folio Sagesse,120,,Roman philosophique,O
CS Lewis,Les chroniques de Narnia INTEGRALE,,,,978-2-070-52432-7,Papier, 27,50 � ,14/06/2013,17/06/2021,,,,,Gallimard,869,Diamant,Roman adolescent,O
Cyrielle,Tokyo Home,,,,978-3-842-00140-4,Manga,,02/12/2015,22/02/2021,,,,Donn� � Zo�,Kana Editions,224,Bronze,Roman adolescent,O
Danielle Rollins,Nos pass�s imparfaits T1,,,,979-1-022-40465-5,Papier, 7,60 � ,07/09/2024,,,,,,Michel Lafon Poche,389,,,
David B�dard,Les contes interdits : Aladin,,,,978-2-898-08824-7,Papier, 14,90 � ,06/06/2021,24/05/2022,,,,,,,Argent,,
Delinda Dane,Scottish Rhapsody,,,,978-2-755-69734-6,Papier, 7,90 � ,02/06/2025,,,,,,Hugo Poche,410,,Com�die romantique,Erynn & Lachlan
Delinda Dane,Majesty T1,,,,978-2-755-67320-3,Papier, 18,00 � ,02/06/2025,,,,,,Hugo Romans,516,,Romance psychologique,Esm�e & Damian
Delphine D Eden,Nos c�urs en si majeur T1,,,,978-2-380-15255-9,E-book, 7,99 � ,26/06/2023,,,,,,Nisha & Caetera,560,,,
Delphine D Eden,Ensemble, passionn�ment, � la folie,,,,978-2-381-51134-4,Papier, 18,90 � ,19/07/2023,10/08/2024,,,,,Plumes du Web,378,Or,Romance contemporaine,Akosua & Angus
Delphine D Eden,A fleur de peau, � fleur de toi,,,,978-2-381-51195-5,Papier, 19,90 � ,26/02/2025,21/03/2025,,,,,Plumes du Web,522,Bronze,Romance contemporaine,Avani & Jess
Denis Diderot,Jacques le fataliste,,,,,Papier,,14/06/2016,08/05/2021,,,,,,,Argent,,
Disney,Lilo et Stitch,,,,077-8-313-05070-7,Papier, 4,99 � ,07/10/2024,,,,,,Disney - Mes petits livres d'or,,,,
Dubu & Chugong,Solo Leveling T6,,,,978-2-382-88079-1,K-book, 14,95 � ,04/02/2023,,,,,,KBOOKS,,,,
Dubu & Chugong,Solo Leveling T1,,,,978-2-383-88029-6,K-book, 14,95 � ,,,,,,,KBOOKS,,,,
Edita Morris,Les fleurs d'Hiroshima,,,,978-2-277-12141-0,Papier,,14/06/2016,06/03/2021,,,,,J'ai lu Editions,126,Bronze,,
EL James,Cinquante nuances T1,,,,978-2-253-17650-3,Papier, 6,90 � ,08/03/2020,01/12/2021,,,,,Le Livre de Poche,666,Argent,Romance contemporaine,Anastasia & Christian
EL James,Cinquante nuances T2,,,,978-2-253-17651-0,Papier, 6,90 � ,08/03/2020,16/02/2022,,,,,Le Livre de Poche,710,Argent,Romance contemporaine,Anastasia & Christian
EL James,Cinquante nuances T3,,,,978-2-253-17652-7,Papier, 6,90 � ,08/03/2020,27/02/2022,,,,,Le Livre de Poche,713,Bronze,Romance contemporaine,Anastasia & Christian
EL James,Monsieur, Madame T1,,,,978-2-253-26240-4,Papier, 8,40 � ,06/06/2021,12/07/2022,,,,,Le Livre de Poche,661,Argent,Romance contemporaine,Alessia & Maxim
EL James,Cinquante nuances par Christian T3,,,,978-2-253-93683-1,Papier, 9,70 � ,03/02/2022,,,,,,Le Livre de Poche,986,,,
EL James,Monsieur, Madame T2,,,,978-2-253-90789-3,Papier, 9,90 � ,31/07/2024,,,,,,Le Livre de Poche,651,,,
Elisa Houat-Hope,One last song T1,,,,978-2-360-75842-5,E-book, 7,99 � ,30/06/2023,,,,,,Nisha & Caetera,463,,,
Elisabeth O'Raark,I hate you more,,,,978-2-280-45958-7,E-book, 6,99 � ,29/11/2022,,,,,,Harper Collins,468,,,
Elle Cosimano,Seasons T1,,,,978-2-378-76048-9,Hard back, 22,90 � ,02/08/2021,17/01/2024,,,,,De Saxus,506,Or,Romantasy,Fleur & Jack
Ellen Stuart,Aime-moi et tu le regretteras T1,,,,978-2-380-15413-9,E-book, 5,99 � ,27/06/2023,,,,,,Nisha & Caetera,560,,,
Elsa Carat,Bluff,,,,978-2-755-67230-5,Papier, 7,90 � ,02/11/2024,15/02/2025,,,,FNR 2024,Hugo Poche,300,Or,Com�die romantique,Keyah & Martial
Ema Dinkel,Altitude,,,,978-2-380-15969-1,Papier, 17,90 � ,24/05/2025,,,,,Zo�,Nisha & Caetera,653,,Romance contemporaine,Iris & Ange
Emily Blaine,Dear you INTEGRALE,,,,979-1-033-90785-5,Papier, 9,90 � ,04/02/2023,,,,,,Harper Collins Poche,954,,,
Emily Blaine,Les sharp-ends T2,,,,979-1-033-91315-3,Papier, 7,50 � ,,,,,,,Harper Collins Poche,261,,,
Emma Green,La vie en vrai,X,,,978-2-371-26525-7,Papier, 17,90 � ,12/12/2022,06/02/2024,,,,,Addictives,473,Diamant,Romance contemporaine,Louve & Lazare
Emma Green,Ce qui nous rend vivants,X,,,978-2-371-26733-6,Papier, 8,90 � ,17/02/2025,01/03/2025,,,,,Addictives,470,Diamant,Romance contemporaine,Cl�o & Carter
Emma Green,A nos c�urs battants,X,,,978-2-371-26761-9,Papier, 19,90 � ,11/04/2025,,,,,FLP 2025,Addictives,408,,Romance contemporaine,
Emmy Colner,Superficial T1,,,,978-2-380-15021-6,E-book, 7,99 � ,29/11/2022,,,,,,Nisha & Caetera,138,,,
Eric Emmanuel Schmitt,Oscar et la Dame Rose,,,,978-2-210-75490-4,Papier, 5,40 � ,08/02/2013,30/06/2021,,,,,Editions Magnard,115,Diamant,Drame psychologique,O
Erika Boyer,Au c�ur d'une nuit de No�l,,,,978-2-755-66254-2,Papier, 7,90 � ,06/10/2022,,,,,,Hugo Poche,431,,Com�die romantique,Layla & Sidney
Erika Boyer,Promesse tenue T1,,,,978-2-755-64493-7,Papier, 7,60 � ,02/11/2024,,,,,FNR 2024,Hugo Poche,328,,Romance psychologique,
Estelle Maskame,Did I mention I love you ? INTEGRALE,,,,978-2-266-29416-4,Papier, 24,90 � ,02/12/2023,,,,,SLPJ 2023,PKJ,854,,,
Eug�ne Ionesco,Rhinoc�ros,,,,978-2-070-33880-1,Papier, 7,20 � ,12/03/2016,,,,,,Folio Classiques,240,,,
Eug�nie Dielens,Bad Judgement,,,,978-2-380-15280-7,Papier, 16,90 � ,12/05/2021,07/04/2022,,,,,Nisha & Caetera,405,Or,Romance contemporaine,Nessi & Sam
Eug�nie Dielens,The boss next door,,,,978-2-371-26522-6,Papier, 16,90 � ,04/02/2023,,,,,,Addictives - Luv,394,,Romance contemporaine,
Eug�nie Dielens,Shattered Iced T1,,,,978-2-487-39205-2,Papier, 19,90 � ,11/04/2025,,,,,FLP 2025,C�leste,438,,Romance contemporaine,Nola & 
Eve Borelli,C'est no�l, rien ne va plus,,,,978-2-280-43893-3,E-book, 5,99 � ,29/11/2022,07/12/2022,,,,,Harper Collins,55,Bronze,Com�die romantique de no�l,Tha�s & Aubin
Faith Hunter,Myst�res � Soulwood T1,,,,979-1-038-12097-6,E-book, 7,99 � ,26/06/2023,,,,,,BookMark - Moonlight,300,,,
Fanny DL,Snowy little lies,X,,,978-2-755-69991-3,Papier, 7,90 � ,06/10/2022,05/12/2022,,,,,Hugo Poche,332,Diamant,Com�die romantique de no�l,Jill & Matthew
Farah Anah,The wrong Prince T1,,,,978-2-370-03264-9,E-book, 7,99 � ,29/11/2022,,,,,,Black ink',,,,
Fiona McIntosh,Le Dernier souffle T1,,,,978-2-811-20182-1,Papier, 9,00 � ,11/08/2022,17/08/2024,,,,,Editions Milady,666,Diamant,Fantasy,O
Fiona McIntosh,Le Dernier souffle T2,,,,978-2-811-20296-5,Papier, 9,00 � ,11/08/2022,,,,,,Editions Milady,670,,Fantasy,
Fiona McIntosh,Le Dernier souffle T3,,,,978-2-811-20421-1,Papier, 9,00 � ,11/08/2022,,,,,,Editions Milady,697,,Fantasy,
Fleur Hana,Et tu embrasseras mes larmes,X,,,978-2-280-41110-3,Papier, 15,90 � ,25/12/2022,21/04/2023,,,,,&H,337,Or,Drame psychologique,Angie & Valentin
Frank Herbert,Le cycle de Dune T2,,,,978-2-221-25230-7,Papier, 16,90 � ,25/12/2022,,,,,Corinne,Robert Laffont,245,,,
Gayle Forman,Si je reste,,,,978-2-266-19818-9,Papier, 6,80 � ,02/12/2022,03/01/2023,,,,,PKJ Poche,185,Diamant,Drame psychologique,Mia & Adam
Georgia Caldera,Embrasse l'hiver et danse avec lui,,,,978-2-290-37867-0,Papier, 7,90 � ,15/11/2021,08/12/2023,,,,,J'ai Lu Editions,382,Argent,Romance de no�l,Romy & Adriel
Georgia Caldera,Les brumes de Cendrelune T1,,,,978-2-290-16561-4,Papier, 14,50 � ,12/12/2022,,,,,,J'ai Lu Editions,348,,,
Guillaume Appolinaire,Calligrammes,,,,,Papier,,12/03/2016,27/07/2021,,,,,,,J'ai lu aussi,Po�sie,O
Guillaume Appolinaire,Alcools,,,,,Papier,,12/03/2016,14/11/2021,,,,,,,J'ai lu aussi,Po�sie,O
Hajime Isayama,SNK - Birth of Liva� T1,,,,978-2-811-63923-5,Manga, 8,50 � ,01/08/2023,,,,,,Pika Editions - Seinen,,,,
Hajime Isayama,SNK - Birth of Liva� T2,,,,978-2-811-62050-9,Manga, 7,20 � ,01/08/2025,,,,,,Pika Editions - Seinen,,,,
Hayley Edwards,Dans les profondeurs du bayou T1,,,,979-1-038-10648-2,E-book, 7,99 � ,26/06/2023,,,,,,BookMark - Infinity,408,,,
Hem d'Ombrage,A hurler du silence, s�r qu'on n'entend plus rien,,,,978-2-332-63581-5,Papier, 20,00 � ,,,,,,,Edilivre,267,,Po�sie,O
Hiro Mashima,Fairy Tail T62,,,,978-2-811-64137-5,Manga, 7,20 � ,17/11/2017,,,,,,Pika Editions - Sh�nen,,,,
Hiro Mashima,Fairy Tail T63,,,,978-2-811-64275-4,Manga, 7,20 � ,17/11/2017,,,,,,Pika Editions - Sh�nen,,,,
Hiro Mashima,Edens Zero T1,,,,978-2-811-65161-9,Manga, 7,20 � ,14/09/2018,,,,,,Pika Editions - Sh�nen,,,,
Hiro Mashima,Edens Zero T2,,,,978-2-811-64678-3,Manga, 7,20 � ,16/11/2018,,,,,,Pika Editions - Sh�nen,,,,
Hiro Mashima,Fairy Tail T1,,,,978-2-845-99914-5,Manga, 7,20 � ,,,,,,,Pika Editions - Sh�nen, ,,,
Hiro Mashima,Fairy Tail T2,,,,978-2-845-99945-9,Manga, 7,20 � ,,,,,,,Pika Editions - Sh�nen,,,,
Hiro Mashima,Fairy Tail T3-4,,,,978-2-298-07835-0,Manga, 8,50 � ,,,,,,,Pika Editions - Sh�nen,,,,
Hiro Mashima,Fairy Tail T5,,,,978-2-811-60017-4,Manga, 7,20 � ,,,,,,,Pika Editions - Sh�nen,,,,
Hiro Mashima,Fairy Tail T6,,,,978-2-811-60044-0,Manga, 7,20 � ,,,,,,,Pika Editions - Sh�nen,,,,
Hiro Mashima,Fairy Tail T17-18,,,,978-2-298-08414-6,Manga, 8,50 � ,,,,,,,Pika Editions - Sh�nen,,,,
Hiro Mashima,Fairy Tail T19-20,,,,978-2-298-08681-2,Manga, 8,50 � ,,,,,,,Pika Editions - Sh�nen,,,,
Hiro Mashima,Fairy Tail Zero,,,,978-2-811-63100-0,Manga, 8,50 � ,,,,,,,Pika Editions - Sh�nen,,,,
Hiro Mashima & Atsuo Ueda,Fairy Tail - La Qu�te de 100 ans T1,,,,978-2-811-64746-9,Manga, 7,20 � ,13/03/2019,,,,,,Pika Editions - Sh�nen,,,,
Hiro Mashima & Ushio Ando,Fairy Tail - City Heroes T1,,,,978-2-811-65056-8,Manga, 7,20 � ,,,,,,,Pika Editions - Sh�nen,,,,
Hiro Mashima & Ushio Ando,Fairy Tail - City Heroes T2,,,,978-2-811-65023-0,Manga, 7,20 � ,,,,,,,Pika Editions - Sh�nen,,,,
Holly Black,Le peuple de l'air T1,5,,,,978-2-700-27879-8,Papier, 3,00 � ,31/01/2022,09/02/2022,,,,,Rageot,58,Bronze,Romantasy,Taryn & Locke
Holly Black,Le peuple de l'air T3,5,X,,,978-2-700-27881-1,Hard back, 17,90 � ,12/11/2022,06/01/2023,,,,,Rageot,187,Or,Romantasy,Jude & Cardan
Holly Black,Le peuple de l'air T1,X,,,978-2-700-27982-5,Hard back, 23,90 � ,30/01/2023,30/06/2021,,,,,Rageot,531,Or,Romantasy,Jude & Cardan
Holly Black,Le livre de la Nuit,,,,978-2-378-76201-8,Hard back, 24,90 � ,30/01/2023,,,,,,De Saxus,474,,,
Holly Black,Le peuple de l'air T2,X,,,978-2-700-28088-3,Hard back, 23,90 � ,05/04/2023,11/07/2021,,,,,Rageot,488,Or,Romantasy,Jude & Cardan
Holly Black,The stolen Heir T1,,,,978-2-700-28011-1,Hard back, 25,90 � ,07/02/2024,,,,,,Rageot,498,,Romantasy,Wren & Ch�ne
Holly Black,Le peuple de l'air T3,X,,,978-2-700-28152-1,Hard back, 23,90 � ,29/02/2024,17/06/2022,,,,,Rageot,437,Or,Romantasy,Jude & Cardan
Ina & Yuna,The abandoned Empress T1,,,,978-2-382-88034-0,K-book, 14,95 � ,08/07/2022,30/10/2022,,,,,KBOOKS,,Argent,,
Ina & Yuna,The abandoned Empress T2,,,,978-2-382-88035-7,K-book, 14,95 � ,01/04/2023,12/04/2023,,,,,KBOOKS,250,Argent,,
Ina & Yuna,The abandoned Empress T3,,,,978-2-382-88036-4,K-book, 14,95 � ,12/04/2023,12/04/2023,,,,,KBOOKS,243,Argent,,
Ina & Yuna,The abandoned Empress T4,,,,978-2-382-88207-8,K-book, 14,95 � ,28/07/2023,,,,,,KBOOKS,,,,
Iris Mahe,Shameless : sequelles,,,,978-2-380-15722-2,E-book, 7,99 � ,26/06/2023,,,,,,Nisha & Caetera,448,,,
Isla A Rowley,The ultimatum,,,,978-2-371-26573-8,Papier, 18,00 � ,08/06/2023,13/03/2025,,,,,Addictives Poche,408,Or,Drame psychologique,Aur�a & N�oh
Isla A Rowley,Le coloc de mon fr�re,,,,978-2-371-26591-2,Papier, 8,90 � ,02/11/2023,27/04/2024,,,,,Addictives Poche,425,Argent,Drame psychologique,Lucy & Fennell
Itsuki Nanao & Nekokurage,Les carnets de l'apothicaire T1,,,,979-1-032-71827-8,Manga, 3,00 � ,23/07/2024,,,,,,Ki-oon - Seinen,,,,
Itsuki Nanao & Nekokurage,Les carnets de l'apothicaire T2,,,,979-1-032-71828-5,Manga, 3,00 � ,23/07/2025,,,,,,Ki-oon - Seinen,,,,
J Bree,Les liens du destin T1,,,,979-1-041-20079-5,Hard back, 24,90 � ,16/09/2023,,,,,,Korrigan Editions,335,,,
J R R Tolkien,Le seigneur des anneaux INTEGRALE,,,,097-8-274-41477-7,Hard back, 19,90 � ,14/06/2013,,,,,,Editions France Loisirs,1234,,Fantasy,O
J.K Rowling,Harry Potter - Les contes de Beedle le Barde,,,,978-2-070-62519-2,Papier, 12,90 � ,25/12/2015,28/11/2024,,,,,Gallimard - Folio Junior & Lumos,116,Argent,Fantastique,O
J.K Rowling,Harry Potter - Les animaux fantastiques,,,,978-2-075-08515-1,Papier, 12,90 � ,25/12/2015,27/11/2024,,,,,Gallimard - Folio Junior & Lumos,124,Bronze,Fantastique,O
J.K Rowling,Harry Potter - Le Quidditch � travers les �ges,,,,978-2-070-62517-8,Papier, 12,90 � ,25/12/2015,26/11/2024,,,,,Gallimard - Folio Junior & Lumos,112,J'ai lu aussi,Fantastique,O
J.K. Rowling,Harry Potter T2,,,,978-2-075-11749-4,Hard back, 23,50 � ,23/01/2020,,,,,,Gallimard Jeunesse,,,Fantastique,
J.K. Rowling,Harry Potter T3,,,,978-2-075-11769-2,Hard back, 23,50 � ,23/01/2020,,,,,,Gallimard Jeunesse,,,Fantastique,
J.K. Rowling,Harry Potter T1,,,,978-2-075-09455-9,Hard back, 22,50 � ,21/01/2021,12/02/2025,,,,,Gallimard Jeunesse,357,Bronze,Fantastique,O
J.K. Rowling,Harry Potter T4,,,,978-2-075-11789-0,Hard back, 27,50 � ,21/01/2021,,,,,,Gallimard Jeunesse,,,Fantastique,
J.K. Rowling,Harry Potter T5,,,,978-2-075-11809-5,Hard back, 29,90 � ,20/01/2022,,,,,,Gallimard Jeunesse,,,Fantastique,
J.K. Rowling,Harry Potter T6,,,,978-2-075-11829-3,Hard back, 28,50 � ,30/01/2023,,,,,,Gallimard Jeunesse,,,Fantastique,
J.K. Rowling,Harry Potter T7,,,,978-2-075-11849-1,Hard back, 31,50 � ,23/02/2024,,,,,,Gallimard Jeunesse,,,Fantastique,
J.K. Rowling,Les animaux fantastiques - Le texte du film,,,,978-2-075-12138-5,Papier, 9,70 � ,,,,,,Zo�,Gallimard Jeunesse,,J'ai lu aussi,,
J.K. Rowling, John Tiffany & Jack Thorne,Harry Potter - L'Enfant maudit,,,,978-2-075-07420-9,Papier, 21,00 � ,02/12/2016,,,,,,Gallimard,,,,
Jacques Prevert,Paroles,,,,,Papier,,12/03/2016,,,,,,,,J'ai lu aussi,Po�sie,O
James Clemens,Les bannis et les proscrits T1,,,,978-2-811-20569-0,Papier, 8,20 � ,,,,,,,Editions Milady,536,,,
James Dashner,L'�preuve T3,5 - Le Destin de Newt,,,,978-2-266-32974-3,Papier, 7,10 � ,29/02/2024,,,,,,PKJ,210,,,
James Dashner,L'�preuve T0,4 - L'ordre de tuer,,,,978-2-266-29696-0,Papier, 8,30 � ,,,,,,,PKJ,431,,,
James Dashner,L'�preuve T1,,,,978-2-266-27085-4,Papier, 8,30 � ,,,,,,,PKJ,456,,,
James Dashner,L'�preuve T2,,,,978-2-266-27086-1,Papier, 8,30 � ,,,,,,,PKJ,472,,,
James Dashner,L'�preuve T3,,,,978-2-266-27087-8,Papier, 8,30 � ,,,,,,,PKJ,442,,,
Jane Austen,Orgueil et pr�jug�s,,,,978-2-755-63837-0,Papier, 6,60 � ,16/01/2020,30/09/2021,,,,,Hugo Poche,493,Argent,Romance aristocratique,Elisabeth Bennet & Flitzwilliam Darcy
Jay Asher,13 Reasons Why,,,,978-2-016-26532-1,Papier, 6,90 � ,04/01/2023,19/01/2024,,,,Retour Am�lie,,,J'ai lu aussi,,
Jay Crownover,Marked men T1,X,,,978-2-755-61749-8,Papier, 17,00 � ,27/05/2021,06/06/2022,,,,,Hugo Romans,438,Argent,Romance contemporaine bikers,Shaw & Rule
Jay Crownover,Marked men T2,X,,,978-2-755-61750-4,Papier, 17,00 � ,27/05/2021,08/06/2022,,,,,Hugo Romans,408,Bronze,Romance contemporaine bikers,Ayden & Jet
Jaymin Eve,La b�te de l'ombre T1,,,,,E-book, 7,99 � ,27/06/2023,,,,,,,,,,
Jean-Paul Sartre,L'existencialisme est un humanisme,,,,978-2-070-32913-7,Papier, 8,00 � ,22/03/2016,,,,,,Folio Essais,109,,Roman philosophique,O
Jean-Pierre Helstroffer,Voix off,,,,978-2-957-51822-7,Papier, 20,00 � ,11/02/2023,,,,,,Editions Victoire-Gaspard,200,,,
Jenn Guerrieri,Tainted Hearts T1,,,,978-2-381-51026-2,Papier, 18,90 � ,20/02/2023,,,,,,Plumes du Web,387,,Romance contemporaine,Ally & Chester
Jenn Guerrieri,Tainted Hearts T2,,,,978-2-381-51049-1,Papier, 18,90 � ,11/04/2025,,,,,FLP 2025,Plumes du Web,418,,Romance contemporaine,Ally & Chester
Jennifer Estep,Une couronne d'�pines T1,,,,979-1-038-12273-4,E-book, 7,99 � ,26/06/2023,,,,,,BookMark - Lost Kingdom,504,,,
Jennifer L Armentrout,Le sang et la cendre T1,X,,,978-2-378-76159-2,Papier, 19,90 � ,19/07/2022,22/10/2022,,,,,De Saxus,664,Or,Romantasy,Poppy & Casteel
Jennifer L Armentrout,Le sang et la cendre T2,X,,,978-2-378-76175-2,Papier, 20,90 � ,19/07/2022,30/10/2022,,,,,De Saxus,764,Diamant,Romantasy,Poppy & Casteel
Jennifer L Armentrout,Le sang et la cendre T3,,,,978-2-378-76249-0,Hard back, 25,90 � ,22/04/2023,,,,,,De Saxus,796,,Romantasy,Poppy & Casteel
Jennifer L Armentrout,La chair et le feu T1,,,,978-2-378-76353-4,Papier, 20,90 � ,07/02/2024,,,,,,De Saxus,798,,,
Jennifer L Armentrout,Dark Elements T1,,,,978-2-290-21013-0,Papier, 14,90 � ,,,,,,,J'ai Lu Editions,445,,,
Jennifer L Armentrout,Wait for you T2,,,,978-2-290-08272-0,Papier, 13,90 � ,,,,,,,J'ai Lu Editions,443,,,
Jennifer Lynn Barnes,Inheritance Games T1,,,,978-2-266-31553-1,Papier, 18,90 � ,03/02/2022,,,,,,PKJ,447,,,
Jenny Han,Les amours de Lara Jean T3,,,,978-2-809-47984-3,Papier, 8,90 � ,13/10/2023,,,,,,Panini Books,352,,Romance contemporaine,
Jenny Han,L'�t� o� je suis devenue jolie T1,,,,978-2-013-23652-2,Papier, 6,90 � ,,,,,,,Le Livre de Poche Jeunesse,302,,,
Jeong Halim & Kim Yeoonwoo,Crush of lifetime T1,X,,,978-2-382-88092-0,K-book, 14,95 � ,10/02/2023,24/02/2023,,,,,KBOOKS,229,Bronze,Romance contemporaine,Yang Hye-Ji & Jo Ki-sung
Jeong Halim & Kim Yeoonwoo,Crush of lifetime T2,X,,,978-2-382-88014-2,K-book, 14,95 � ,25/02/2023,07/04/2023,,,,,KBOOKS,227,Argent,Romance contemporaine,Yang Hye-Ji & Jo Ki-sung
Jeong Halim & Kim Yeoonwoo,Crush of lifetime T3,X,,,978-2-382-88015-9,K-book, 14,95 � ,25/02/2023,07/04/2023,,,,,KBOOKS,233,Argent,Romance contemporaine,Yang Hye-Ji & Jo Ki-sung
Jeong Halim & Kim Yeoonwoo,Crush of lifetime T5,X,,,978-2-382-88127-9,K-book, 14,95 � ,11/04/2023,16/05/2023,,,,,KBOOKS,220,Or,Romance contemporaine,Yang Hye-Ji & Jo Ki-sung
Jeong Halim & Kim Yeoonwoo,Crush of lifetime T4,X,,,978-2-382-88126-2,K-book, 14,95 � ,15/04/2023,16/05/2023,,,,,KBOOKS,218,Or,Romance contemporaine,Yang Hye-Ji & Jo Ki-sung
Jeong Halim & Kim Yeoonwoo,Crush of lifetime T6,X,,,978-2-382-88183-5,K-book, 14,95 � ,10/05/2023,24/05/2023,,,,,KBOOKS,298,Or,Romance contemporaine,Yang Hye-Ji & Jo Ki-sung
John Green,Nos �toiles contraires,,,,978-2-266-28330-4,Papier, 8,10 � ,11/12/2020,10/03/2021,,,,,PKJ Poche,369,Or,Drame psychologique,Hazel Grace & Augustus
John Green,La face cach�e de Margo,,,,978-2-070-66256-2,Papier, 15,90 � ,12/05/2021,23/05/2021,,,,,Gallimard - Scripto,386,Argent,Romance contemporaine,Margo & Quentin
Jooahri & Aloha,A Tender heart T1,,,,978-2-382-88095-1,K-book, 14,95 � ,09/11/2022,,,,,,KBOOKS,,,,
Jooahri & Aloha,A Tender heart T2,,,,978-2-382-88096-8,K-book, 14,95 � ,11/04/2023,,,,,,KBOOKS,,,,
Jooahri & Aloha,A Tender heart T3,,,,978-2-380-88209-2,K-book, 14,95 � ,28/07/2023,,,,,,KBOOKS,,,,
Jos� F�ron,La b�te du G�vaudan,,,,978-2-010-13833-1,Papier, 5,50 � ,14/06/2016,,,,,,Hachette Jeunesse,157,,Fantastique,O
Joyce Kitten,Borderline T1,,,,978-2-755-68138-3,Papier, 7,90 � ,12/04/2025,,,,,FLP 2025,Hugo Poche,444,,Dark romance,
Joyce Kitten,Smile,,,,978-2-755-67822-2,Papier, 19,00 � ,12/04/2025,22/05/2025,,,,Pr�t Am�lie,Hugo Romans,546,Argent,Dark Romance,Elise & Jared
Julia Quinn,La Chronique des Bridgerton T1-2,,,,978-2-290-25473-8,Papier, 15,90 � ,25/03/2021,01/06/2021,,,,,J'ai Lu Editions,730,Or,Romance aristocratique,Daphn�e & Simon / Kate & Anthony
Julia Quinn,La Chronique des Bridgerton T3-4,,,,978-2-290-35758-3,Papier, 14,90 � ,25/03/2021,06/07/2021,,,,,J'ai Lu Editions,763,Or,Romance aristocratique,Benedict & Sophie / Colin & P�n�lope
Julia Quinn,La Chronique des Bridgerton T5-6,,,,978-2-290-35763-7,Papier, 15,90 � ,20/06/2021,05/08/2021,,,,,J'ai Lu Editions,758,Argent,Romance aristocratique,Elo�se & Philip / Francesca & Michael
Julia Quinn,La Chronique des Bridgerton T7-8,,,,978-2-290-35768-2,Papier, 15,90 � ,15/07/2021,03/11/2021,,,,,J'ai Lu Editions,766,Diamant,Romance aristocratique,Hyacinthe & Gareth / Gregory & Lucy
Julia Quinn,La Chronique des Bridgerton T9,,,,978-2-290-37195-4,Papier, 15,90 � ,08/01/2022,05/02/2022,,,,,J'ai Lu Editions,543,Or,Romance aristocratique,
Julia Quinn,Le Quatuor Smythe-Smith T1-2,,,,978-2-290-38384-1,Papier, 15,90 � ,23/02/2023,,,,,,J'ai Lu Editions,671,,Romance aristocratique,
Julie Bradfer,Promets-nous T1,,,,978-2-360-75846-3,E-book, 5,99 � ,28/06/2023,,,,,,Nisha & Caetera,328,,,
Julie Bradfer,Co�ncidences T1,,,,978-2-377-03041-5,E-book, 7,99 � ,28/06/2023,,,,,,Nisha & Caetera,325,,,
Julie Hourand & Elissa Pages,Remember us,,,,,E-book, 7,99 � ,27/06/2023,,,,,,,,,,
Juliette Bonte,Mon ex, sa copine, mon faux mec et moi,,,,978-2-280-38849-8,Papier, 6,90 � ,12/11/2020,22/12/2021,,,,,&H Poche,348,Bronze,Com�die romantique de no�l,Chlo� & Nick
Juliette Bonte,Rendez-moi No�l !,,,,979-1-033-91319-1,Papier, 7,50 � ,05/11/2022,,,,,,Harper Collins Poche,391,,,
Juliette Bonte,M�fie-toi de nous INTEGRALE,,,,978-2-280-41939-0,Papier, 17,90 � ,21/07/2023,,,,,,&H,640,,Romance contemporaine,
Jun Mochizuki,Pandora Hearts T7,,,,978-2-355-92266-4,Manga, 7,95 � ,15/11/2024,,,,,,Ki-oon - Sh�nen,,,,
Jun Mochizuki,Pandora Hearts T8,,,,978-2-355-92283-1,Manga, 7,95 � ,11/12/2024,,,,,,Ki-oon - Sh�nen,,,,
Jun Mochizuki,Pandora Hearts T1,,,,978-2-355-92175-9,Manga, 7,95 � ,,28/01/2025,,,,,Ki-oon - Sh�nen,,Argent,,
Jun Mochizuki,Pandora Hearts T2,,,,978-2-355-92176-6,Manga, 7,95 � ,,29/01/2025,,,,,Ki-oon - Sh�nen,,Or,,
Jun Mochizuki,Pandora Hearts T3,,,,978-2-355-92196-4,Manga, 7,95 � ,,27/02/2025,,,,,Ki-oon - Sh�nen,,Bronze,,
Jun Mochizuki,Pandora Hearts T4,,,,978-2-355-92213-8,Manga, 7,95 � ,,,,,,,Ki-oon - Sh�nen,,,,
Jun Mochizuki,Pandora Hearts T5,,,,978-2-355-92226-8,Manga, 7,95 � ,,,,,,,Ki-oon - Sh�nen,,,,
Jun Mochizuki,Pandora Hearts T6,,,,978-2-355-92246-6,Manga, 7,95 � ,,,,,,,Ki-oon - Sh�nen,,,,
K.A. Tucker,Ten tiny breaths T1,,,,978-2-755-61851-8,Papier, 17,00 � ,27/05/2021,,,,,,Hugo Romans,359,,Romance contemporaine,
K.A. Tucker,Ten tiny breaths T2,,,,978-2-755-61744-3,Papier, 18,00 � ,27/05/2021,,,,,,Hugo Romans,356,,Romance contemporaine,
Kalypso Caldin,Les Dieux oubli�s T1,,,,978-2-381-51118-4,Papier, 18,90 � ,03/05/2024,21/09/2024,,,,,Plumes du Web,393,Or,Romance fantastique bikers,Had�s & Pers�phone
Kalypso Caldin,Styx Riders T1,,,,978-2-755-66441-6,Papier, 8,90 � ,31/10/2024,20/02/2025,,,,FNR 2024,Hugo Poche,582,Diamant,Romance contemporaine bikers,Ash & Heden
Kalypso Caldin,Styx Riders T2,X,,,978-2-755-66442-3,Papier, 8,90 � ,08/03/2025,30/05/2025,,,,,Hugo Poche,494,Diamant,Romance contemporaine bikers,Cassie & Alex
Kanehito Yamada & Tsukasa Abe,Frieren T1,,,,979-1-032-71083-8,Manga, 7,90 � ,20/08/2020,,,,,,Ki-oon - Sh�nen,,,,
Katy Evans,Fight for love T1 - Real,,,,978-2-755-61702-3,Papier, 17,00 � ,27/05/2021,,,,,,Hugo Romans,323,,Romance contemporaine,
Katy Evans,Fight for love T2 - Mine,,,,978-2-755-61729-0,Papier, 17,00 � ,27/05/2021,,,,,,Hugo Romans,358,,Romance contemporaine,
Keiko Iwashita,Mon coloc d'enfer T1,,,,978-2-811-64606-6,Manga, 7,20 � ,01/08/2023,,,,,,Pika Editions - Sh�jo,,,,
Keiko Iwashita,Mon coloc d'enfer T2,,,,978-2-811-64607-3,Manga, 7,20 � ,27/10/2023,,,,,,Pika Editions - Sh�jo,,,,
Keiko Iwashita,Mon coloc d'enfer T3,,,,978-2-811-64608-0,Manga, 7,20 � ,25/12/2024,,,,,Pauline,Pika Editions - Sh�jo,,,,
Kelly York,Sous la m�me �toile,,,,,Papier,,,03/04/2022,,,,Donn� � Zo�,,,Argent,Romance contemporaine,Chance & Hunter / Ashlin
Kerstin Gier,La trilogie des gemmes T1,,,,978-2-019-11023-9,Papier, 7,40 � ,20/05/2017,20/03/2022,,,,,Le Livre de Poche Jeunesse,337,Argent,Romance fantastique,Gwendolyn & Gideon
Kerstin Gier,La trilogie des gemmes T2,,,,978-2-017-00999-3,Papier, 7,40 � ,20/05/2017,24/03/2022,,,,,Le Livre de Poche Jeunesse,366,Argent,Romance fantastique,Gwendolyn & Gideon
Kerstin Gier,La trilogie des gemmes T3,,,,978-2-017-01006-7,Papier, 8,40 � ,20/05/2017,29/03/2022,,,,,Le Livre de Poche Jeunesse,472,Argent,Romance fantastique,Gwendolyn & Gideon
Kiera Cass,La s�lection T1,,,,978-2-266-25102-0,Papier, 8,10 � ,04/01/2024,03/12/2024,,,,Sara,PKJ,379,Argent,Dystopie romantique,America & Maxon
Kiera Cass,La s�lection T2,,,,978-2-266-29371-6,Papier, 8,10 � ,04/01/2024,17/12/2024,,,,Sara,PKJ,343,Argent,Dystopie romantique,America & Maxon
Kiera Cass,La s�lection T3,,,,978-2-266-29372-3,Papier, 8,10 � ,26/11/2024,20/12/2024,,,,,PKJ,379,Argent,Dystopie romantique,America & Maxon
Killian B Drewer,La r�gle du pour toujours et � jamais,,,,979-1-038-10634-5,E-book, 6,99 � ,26/06/2023,11/01/2024,,,,,Teen Spirit,344,Argent,,
Kumo Kagyu & K�suke Kurose,Goblin slayer T1,,,,978-2-368-52568-5,Manga, 7,95 � ,19/04/2022,19/05/2022,,,,Donn� � Lucien,Editions Kurokawa,176,Bronze,,
L. J. Shen,All Saints High T1,,,,,E-book, 6,99 � ,29/11/2022,,,,,,,,,,
L. J. Shen,All Saints High INTEGRALE,,,,979-1-033-91324-5,Papier, 15,90 � ,05/01/2023,,,,,,Harper Collins Poche,1113,,,
Laura S Wild,Et puis soudain T1,,,,366-6-079-02048-5,Papier, 8,50 � ,24/06/2023,11/04/2024,25/04/2025,,,,Hugo Poche,571,Or,Romance psychologique,Amalia & Robin
Laura S Wild,Et puis soudain T2,,,,978-2-755-64425-8,Papier, 8,50 � ,22/03/2025,07/05/2025,,,,,Hugo Poche,516,Argent,Romance psychologique,Amalia & Robin
Laura S Wild,Et puis soudain T3,,,,978-2-755-64435-7,Papier, 8,50 � ,22/03/2025,,,,,,Hugo Poche,507,,Romance psychologique,
Laura S Wild,Et puis soudain T4,,,,978-2-755-64440-1,Papier, 8,50 � ,22/03/2025,,,,,,Hugo Poche,613,,Romance psychologique,
Laure Manel,L'audace des papillons,,,,978-2-749-93799-1,E-book, 5,99 � ,29/11/2022,,,,,,Michel Lafon,,,,
Laureline Maumelat,Never let you go,,,,979-1-033-91232-3,Papier, 7,50 � ,25/12/2024,25/01/2025,,,,Pauline,Harper Collins Poche,298,Or,Romance contemporaine,Liv & Solal
Laurie Delarosbil,L'accord T1,,,,978-2-380-15442-9,E-book, 7,99 � ,30/06/2023,,,,,,Nisha & Caetera,520,,,
L�a Nemezia,Obscure clart� T1,,,,,E-book, 7,99 � ,27/06/2023,,,,,,,,,,
L�a Perrin,Comme si on devait mourir demain,,,,978-1-801-16097-1,Papier, 12,30 � ,05/02/2022,15/03/2022,,,,,Cherry Publishing,367,Argent,Drame psychologique,Nelya & Even
Leigh Bardugo,Grisha T1,,,,978-2-408-02451-2,Papier, 15,90 � ,,,,,,,Milan,338,,,
Leigh Bardugo,Grisha T2,,,,978-2-408-03229-6,Papier, 16,90 � ,,,,,,,Milan,430,,,
Leigh Bardugo,Grisha T3,,,,978-2-408-03230-2,Papier, 16,90 � ,,,,,,,Milan,381,,,
Leigh Bardugo,Six of Crows T1,,,,978-2-408-03227-2,Papier, 17,90 � ,,,,,,,Milan,553,,,
Leigh Bardugo,Six of Crows T2,,,,978-2-408-03228-9,Papier, 18,90 � ,,,,,,,Milan,644,,,
Les Ginettes,Un orgasme mais avec son mec,,,,,,,02/05/2022,07/05/2022,,,,Revendu,,,J'ai lu aussi,Divers,O
Lewis Carol,Alice au pays des merveilles,,,,XXX,Hard back,,14/06/2016,,,,,,Editions Baudelaire,248,,Conte,O
Liaran & Min Jakk,L'enfant des T�n�bres T1,,,,979-1-041-20051-1,K-book, 14,95 � ,30/09/2023,,,,,,Kamondo Books,,,,
Lily Haime,Wild soul,,,,978-2-811-22520-9,E-book, 9,99 � ,29/11/2022,,,,,,Editions Milady,496,,,
Lisa Barthelet,The sons of Sorrow T1,,,,978-2-379-61517-7,Papier, 19,90 � ,16/09/2023,28/04/2024,,,,,Elixyria,430,Or,Romance contemporaine bikers,Lahyani & Reed & Ash
Liz Braswell,Twisted tales T2 - Il �tait un r�ve,,,,978-2-019-45198-1,Papier, 22,00 � ,02/11/2023,28/11/2023,,,,Pr�t Zo�,Hachette Heroes,432,J'ai lu aussi,,
Louis Lowry,Le passeur,,,,978-2-211-20582-5,Papier, 6,80 � ,08/02/2013,18/11/2021,,,,,L'Ecole des Loisirs,220,Diamant,,
Louise Langlois,Endless fall,,,,978-2-380-15825-0,Papier, 17,90 � ,24/10/2023,17/05/2024,,,,,Nisha & Caetera,642,Diamant,Romance psychologique,Eden & Cole
Louise Langlois,Silent fall,,,,978-2-487-17878-6,Papier, 17,90 � ,10/03/2025,,,,,,Nisha & Caetera,541,,Romance psychologique,Lexie & Holden
LP Sicard,Les contes interdits : Blanche neige,,,,978-2-849-33616-8,Papier, 14,90 � ,06/06/2021,,,,,,,,,,
Ludo De Boer,Comment survivre � No�l en plein �t� ?,,,,978-2-755-67832-1,Papier, 7,90 � ,02/11/2024,10/11/2024,,,,FNR 2024,Hugo Poche,344,Or,Romance de no�l,Antonina & Gabriel
Lylyblabla,Le Soleil de Minuit T1,,,,978-2-755-66388-4,Papier, 7,90 � ,24/06/2023,23/04/2024,,,,,Hugo Poche,310,Or,Romance psychologique,Milann & Aaron
Lylyblabla,Le Soleil de Minuit T2,,,,978-2-755-66389-1,Papier, 7,90 � ,03/05/2024,15/05/2024,,,,,Hugo Poche,421,Or,Romance psychologique,Milann & Aaron
Lylyblabla,Tous nos lendemains,,,,978-2-755-67382-1,Papier, 17,00 � ,31/10/2024,,,,,FNR 2024,Hugo Romans,475,,Romance psychologique,Chlo� & Chris
Lylyblabla & Morgane Moncomble,True colors T1,,,,978-2-755-66412-6,BD / Hard back, 19,95 � ,08/06/2023,12/06/2023,,,,,Hugo BD,226,Bronze,Drame psychologique,June & Eliott
Lynette Noni,The prison healer T1,,,,978-2-017-19015-8,E-book, 7,99 � ,19/03/2025,01/04/2025,,,,,Hachette Romans (E-book),329,Argent,Fantasy,
Lynette Noni,The prison healer T2,,,,978-2-017-19022-6,E-book, 8,99 � ,01/04/2025,16/04/2025,,,,,Hachette Romans (E-book),367,Argent,Fantasy,
Lynette Noni,The prison healer T3,,,,978-2-017-24187-4,E-book, 14,99 � ,01/04/2025,19/04/2025,,,,,Hachette Romans (E-book),369,Argent,Fantasy,
Magali Inguimbert,Si seulement T1,,,,978-2-755-68939-6,Papier, 7,60 � ,02/11/2024,,,,,FNR 2024,Hugo Poche,396,,Romance psychologique,Alyssa & Luke
Maloria Cassis,Palisades Park T1,,,,978-2-755-66338-9,Papier, 17,00 � ,10/02/2023,03/05/2024,,,,,Hugo Romans,352,Or,Com�die romantique,Li & Matthew
Maloria Cassis,Palisades Park T2,,,,978-2-755-66344-0,Papier, 17,00 � ,01/04/2023,,,,,,Hugo Romans,347,,Com�die romantique,June & Derek
Maloria Cassis,Au p�ril de nos c�urs ,,,,978-2-755-66733-2,Papier, 7,90 � ,02/11/2024,03/11/2024,,,,FNR 2024,Hugo Poche,362,Or,Drame psychologique,Norah & Marco
Mandi Eelis,Painting stars T1,,,,978-2-380-15185-5,Papier, 16,90 � ,19/02/2023,,,,,,Nisha & Caetera,394,,Romance contemporaine,Adam & Loup
Marc Klein,The in-between,,,,978-2-755-66486-7,Papier, 7,90 � ,24/06/2023,16/11/2023,,,,Donn� � Zo�,Hugo Poche,320,Or,Drame psychologique,Tessa & Skylar
Margaret Rogerson,Vespertine T1,,,,978-2-362-31454-4,Hard back, 22,00 � ,18/06/2022,,,,,,Bragelonne - Castelmore,474,,,
Marie Luny,Hunters of hell T1,,,,978-2-380-15301-9,E-book, 5,99 � ,29/06/2023,13/12/2023,,,,,Nisha & Caetera,296,J'ai lu aussi,Romance contemporaine bikers,
Marina M.L,Emerly,,,,978-2-381-51212-9,Papier, 18,90 � ,11/04/2025,,,,,FLP 2025,Plumes du Web,437,,,Emerly & Farell
Marissa Meyer,Les chroniques lunaires T1,,,,978-2-266-27465-4,Papier, 8,30 � ,25/12/2022,,,,,Zo�,PKJ,426,,,
Marissa Meyer,Les chroniques lunaires T2,,,,978-2-266-27466-1,Papier, 8,90 � ,25/12/2022,,,,,Zo�,PKJ,496,,,
Mark Laurence,Le livre des glaces T1,,,,,E-book,,28/06/2023,,,,,,,,,,
Markus Zusak,La voleuse de livres,,,,978-2-266-29398-3,Papier, 8,95 � ,17/01/2021,25/04/2022,,,,,PKJ Poche,630,Diamant,,O
Marzia Myers,Attracted,,,,978-2-380-15917-2,Papier, 17,90 � ,23/02/2024,,,,,,Nisha & Caetera,473,,Drame psychologique,Sierra & Jayden
Marzia Myers,Saved,,,,978-2-487-17879-3,Papier, 17,90 � ,02/04/2025,,,,,,Nisha & Caetera,422,,Drame psychologique,Willow & Esteos
Masashi Kishimoto,Naruto T1,,,,978-2-871-29414-6,Manga, 7,10 � ,,,,,,,Kana Editions,,,,
Masashi Kishimoto,Naruto T2,,,,978-2-871-29417-7,Manga, 7,10 � ,,,,,,,Kana Editions,,,,
Masashi Kishimoto,Naruto T3,,,,978-2-871-29427-6,Manga, 7,10 � ,,,,,,,Kana Editions,,,,
Masashi Kishimoto & Uky� Kodachi,Naruto - Le roman de Gaara,,,,978-2-505-07079-5,Manga, 8,95 � ,19/04/2022,,,,,,Kana Editions,,,,
Mathieu Biasotto,Le suppl�ment d'�me,,,,979-1-028-10636-2,E-book, 5,99 � ,26/06/2023,28/12/2023,,,,,Bragelonne,288,J'ai lu aussi,,
Mathilde Le Boudic-Jamin,Immortels T1,,,,978-1-717-98435-7,Papier, 17,94 � ,18/07/2024,,,,,,Amazon,,,,
Maurine M�tairie,Omerta T1,,,,,E-book,,26/06/2023,,,,,,,,,,
Maya Banks,A fleur de peau T1,,,,978-2-811-23776-9,Papier, 8,95 � ,19/07/2023,,,,,,Editions Milady Poche,464,,,
Megumi Morino,A tes c�t�s T1,,,,978-2-382-12256-3,Manga, 2,00 � ,19/04/2022,,,,,,Editions Akata,,,,
Megumi Morino,A tes c�t�s T2,,,,978-2-369-74844-1,Manga, 6,99 � ,16/09/2023,,,,,,Editions Akata,,,,
M�lissa Bashardoust,Girl, Serpent, Thorn,,,,978-2-755-69670-7,Papier, 18,50 � ,14/04/2022,,,,,,Hugo - Stardust,400,,,
M�lissa Bellevigne,Parano�a T1,,,,978-2-017-04344-7,Papier, 6,90 � ,20/08/2019,18/01/2022,,,,,Le Livre de Poche Jeunesse,251,Argent,Drame psychologique,Judy & Alwyn
M�lissa Bellevigne,Parano�a T2,,,,978-2-017-08024-4,Papier, 6,90 � ,20/08/2019,28/01/2022,,,,,Le Livre de Poche Jeunesse,329,Argent,Drame psychologique,Judy & Alwyn
M�lissa Da Costa,Je revenais des autres,,,,978-2-253-93613-8,Papier, 8,90 � ,05/11/2022,,,,,,Le Livre de Poche,691,,,
Micol Ostow,Riverdale T2,,,,978-2-016-21236-3,Papier, 13,90 � ,02/05/2025,,,,,,Hachette Romans,,,,
Micol Ostow,Riverdale T4,,,,978-2-016-28510-7,Papier, 15,90 � ,02/05/2025,,,,,,Hachette Romans,,,,
Micol Ostow,Riverdale T1,,,,978-2-016-27049-3,Papier, 13,90 � ,,,,,,,Hachette Romans,249,,,
Micol Ostow,Riverdale T3,,,,978-2-017-09977-2,Papier, 13,90 � ,,,,,,,Hachette Romans,301,,,
Mizuho Kusanagi,Yona Princesse de l'aube T1,,,,978-2-811-66873-0,Manga, 7,20 � ,12/03/2023,,,,,,Pika Editions - Sh�jo,,,,
Mizuho Kusanagi,Yona Princesse de l'aube T2,,,,978-2-811-61546-8,Manga, 7,20 � ,12/03/2023,,,,,,Pika Editions - Sh�jo,,,,
Mochito Bota,Coffee Moon T1,,,,978-2-818-99414-6,K-book, 9,90 � ,19/10/2022,,,,,,Doki Doki Editions,,,,
Mochito Bota,Coffee Moon T2,,,,978-2-818-99416-0,K-book, 9,90 � ,05/01/2023,,,,,,Doki Doki Editions,,,,
Moira Young,Les chemins de poussi�res T1,,,,978-2-751-10431-2,Papier, 17,50 � ,14/06/2013,19/03/2024,,,,,Gallimard Jeunesse - Les Incorruptibles,349,Argent,Roman post-apocalyptique,
Moira Young,Les chemins de poussi�res T2,,,,978-2-070-69671-0,Papier, 17,50 � ,02/08/2021,23/03/2024,,,,,Gallimard Jeunesse,339,Bronze,Roman post-apocalyptique,
Moira Young,Les chemins de poussi�res T3,,,,978-2-070-66194-7,Papier, 17,50 � ,08/01/2022,01/04/2024,,,,,Gallimard Jeunesse,352,Argent,Roman post-apocalyptique,Saba & Jack
Morgane Moncomble,Never T2,,,,978-2-755-64421-0,Papier, 8,50 � ,12/10/2020,04/07/2024,,,,,Hugo Poche,564,Or,Romance psychologique,Zo� & Jason
Morgane Moncomble,L'as T1,,,,978-2-755-68947-1,Papier, 17,00 � ,05/09/2021,,,,,,Hugo Romans,414,,Romance psychologique,Rose & Levi
Morgane Moncomble,En �quilibre,X,,,978-2-755-69521-2,Papier, 7,90 � ,02/12/2022,10/11/2023,,,,SLPJ 2022,Hugo Poche,433,Diamant,Drame psychologique,Lara &
Morgane Moncomble,Never T1,X,,,978-2-755-63987-2,Papier, 7,60 � ,10/02/2023,03/12/2023,,,,,Hugo Poche,550,Or,Drame psychologique,Violette & Loan
Morgane Moncomble,Falling Again,X,,,978-2-755-68948-8,Papier, 8,50 � ,11/04/2023,27/05/2023,,,,,Hugo Poche,551,Diamant,Romance psychologique,Fleur & Aaron
Morgane Moncomble,Seasons T1,,,,978-2-755-67119-3,Papier, 8,90 � ,17/02/2025,,,,,Kevin,Hugo Poche,534,,Romance psychologique,
Morgann A Amber,Le refrain de nos vies,,,,978-2-487-17855-7,Papier, 17,90 � ,13/02/2025,05/03/2025,,,,,Nisha & Caetera,412,Diamant,Romance contemporaine,Gabrielle & Matteo
Naoko Takeuchi,Sailor Moon - Pretty Guardian Eternal Edition T9,,,,978-2-811-65220-3,BD, 14,90 � ,14/04/2022,,,,,,Pika Editions - Sh�jo,,,,
Negi Haruba,The Quintessential Quintuplets T1,,,,978-2-811-66940-9,Manga, 2,00 � ,19/04/2022,21/04/2022,,,,,Pika Editions,,Bronze,Romance contemporaine,
Negi Haruba,The Quintessential Quintuplets T2,,,,978-2-811-65323-1,Manga, 7,20 � ,23/06/2022,20/08/2023,,,,,Pika Editions,,Bronze,Romance contemporaine,
Negi Haruba,The Quintessential Quintuplets T3,,,,978-2-811-67275-1,Manga, 7,20 � ,17/08/2022,20/08/2023,,,,,Pika Editions,,Bronze,Romance contemporaine,
Negi Haruba,The Quintessential Quintuplets T4,,,,978-2-811-65325-5,Manga, 7,20 � ,28/07/2023,23/08/2023,,,,,Pika Editions,,Bronze,Romance contemporaine,
Negi Haruba,The Quintessential Quintuplets T5,,,,978-2-811-65326-2,Manga, 7,20 � ,28/07/2023,12/01/2024,,,,,Pika Editions,,Argent,Romance contemporaine,
Negi Haruba,The Quintessential Quintuplets T6,,,,978-2-811-65327-9,Manga, 7,20 � ,28/07/2023,13/01/2024,,,,,Pika Editions,,Or,Romance contemporaine,
Negi Haruba,The Quintessential Quintuplets T7,,,,978-2-811-65328-6,Manga, 7,20 � ,01/08/2023,18/01/2024,,,,,Pika Editions,,Argent,Romance contemporaine,
Negi Haruba,The Quintessential Quintuplets T8,,,,978-2-811-65329-3,Manga, 7,20 � ,01/08/2023,20/01/2024,,,,,Pika Editions,,Argent,Romance contemporaine,
Negi Haruba,The Quintessential Quintuplets T9,,,,978-2-811-65330-9,Manga, 7,20 � ,18/08/2023,25/01/2024,,,,,Pika Editions,,Bronze,Romance contemporaine,
Negi Haruba,The Quintessential Quintuplets T10,,,,978-2-811-66153-3,Manga, 7,20 � ,21/08/2023,28/01/2024,,,,,Pika Editions,,Bronze,Romance contemporaine,
Negi Haruba,The Quintessential Quintuplets T11,,,,978-2-811-66155-7,Manga, 7,20 � ,21/08/2023,06/03/2024,,,,,Pika Editions,,Bronze,Romance contemporaine,
Negi Haruba,The Quintessential Quintuplets T12,,,,978-2-811-66157-1,Manga, 7,20 � ,29/08/2023,06/03/2024,,,,,Pika Editions,,Bronze,Romance contemporaine,
Negi Haruba,The Quintessential Quintuplets T13,,,,978-2-811-66159-5,Manga, 7,20 � ,29/08/2023,08/03/2024,,,,,Pika Editions,,Or,Romance contemporaine,
Negi Haruba,The Quintessential Quintuplets T14,,,,978-2-811-66161-8,Manga, 7,20 � ,29/08/2023,09/03/2024,,,,,Pika Editions,,Argent,Romance contemporaine,
Nicola Yoon,Everything, Everything,,,,978-2-016-26534-5,Papier, 6,90 � ,20/06/2021,24/11/2021,,,,,Le Livre de Poche Jeunesse,359,Or,Drame psychologique,Madeline & Olly
Nicolas Chastain,Un no�l � Paris,,,,978-2-280-43860-5,E-book, 1,99 � ,29/11/2022,27/12/2022,,,,,Harper Collins,112,Argent,,
Nikki St Crowe,Cruels gar�ons perdus T1,,,,978-2-385-66000-0,Papier, 17,90 � ,13/04/2024,25/05/2024,,,,,Ronci�re Editions,222,Argent,Dark romantasy,
Nikki St Crowe,Cruels gar�ons perdus T2,,,,978-2-385-66007-9,Papier, 17,90 � ,11/04/2025,,,,,,Ronci�re Editions,253,,Dark romantasy,
Nine Gorman & Marie Alhinho,La nuit o� les �toiles se sont �teintes T1,,,,978-2-226-43717-4,Papier, 18,90 � ,12/04/2025,,,,,FLP 2025,Albin Michel,483,,Drame psychologique,Finn & 
Nine Gorman & Mathieu Guib�,Ashes falling for the sky T1,X,,,978-2-017-23313-8,Papier, 7,90 � ,02/12/2023,28/01/2024,,,,SLPJ 2023,Le Livre de Poche Jeunesse,334,Or,Drame psychologique,Skylar & Ash
Nine Gorman & Mathieu Guib�,Ashes falling for the sky T2,X,,,978-2-017-23314-5,Papier, 7,90 � ,02/12/2023,28/01/2024,,,,SLPJ 2023,Le Livre de Poche Jeunesse,396,Diamant,Drame psychologique,Skylar & Ash
Nine Gorman & Mathieu Guib�,Ashes falling for the sky T0,5,,,,978-2-226-47603-6,Papier, 18,90 � ,12/04/2025,,,,,FLP 2025,Albin Michel,455,,Drame psychologique,Ash & Zach
No�mie Dani,Envers et contre toi T1,,,,978-2-379-93089-8,Papier, 17,00 � ,11/08/2021,,,,,,Black Ink',460,,,
Oc�ane Ghanem,Meri Jaan,,,,978-2-755-66565-9,Papier, 18,00 � ,19/07/2023,18/06/2024,,,,,Hugo Romans,555,Or,Romance psychologique,Ola�na & Saint
Oc�ane Ghanem,Sanglante �ternit�,,,,978-2-755-67229-9,Papier, 8,90 � ,10/07/2024,02/08/2024,,,,,Hugo Poche,606,Diamant,Romantic suspense,Gabriella & Gabriel
Oc�ane Ghanem,La saga des �mes T1 P1,,,,978-2-017-24629-9,Papier, 8,90 � ,31/07/2024,,,,,,Ito,475,,,
Oc�ane Ghanem,Blue Belle T1,,,,978-2-017-24633-6,Papier, 8,90 � ,21/08/2024,,,,,,Ito,559,,,
Oc�ane Ghanem,Jaanu,,,,978-2-755-67559-7,Papier, 18,00 � ,31/10/2024,,,,,FNR 2024,Hugo Romans,460,,Romance psychologique,Joanny et Cian
Olivia Wildenstein,Mal�dictions mortelles T1,,,,,E-book,,27/06/2023,,,,,,,,,,
Oly TL,Plonge avec moi T1,,,,978-2-755-64847-8,Papier, 7,60 � ,28/07/2023,01/03/2024,,,,,Hugo Poche,475,Bronze,Dark romance,Marjorie & Morgan
Oly TL,Plonge avec moi T2,,,,978-2-755-64848-5,Papier, 8,50 � ,06/03/2024,10/03/2024,,,,,Hugo Poche,520,Argent,Dark romance,Marjorie & Morgan
PC Cast & Kristin Cast,La Maison de la Nuit T1,,,,978-2-266-18700-8,Papier, 14,95 � ,07/12/2024,10/02/2021,,,,Lucien & Zo�,PKJ,328,Argent,Romance fantastique,
PC Cast & Kristin Cast,La Maison de la Nuit T2,,,,978-2-266-18701-5,Papier, 14,95 � ,07/12/2024,19/02/2021,,,,Zo�,PKJ,354,Diamant,Romance fantastique,
PC Cast & Kristin Cast,La Maison de la Nuit T3,,,,978-2-266-18702-2,Papier, 14,95 � ,07/12/2024,26/02/2021,,,,Zo�,PKJ,284,Argent,Romance fantastique,
PC Cast & Kristin Cast,La Maison de la Nuit T4,,,,978-2-266-18703-9,Papier, 14,95 � ,07/12/2024,04/03/2021,,,,Zo�,PKJ,366,Or,Romance fantastique,
PC Cast & Kristin Cast,La Maison de la Nuit T5,,,,978-2-266-20266-4,Papier, 14,95 � ,07/12/2024,08/03/2021,,,,Zo�,PKJ,377,Or,Romance fantastique,
PC Cast & Kristin Cast,La Maison de la Nuit T6,,,,978-2-266-20267-1,Papier, 14,95 � ,07/12/2024,29/03/2021,,,,Zo�,PKJ,405,Argent,Romance fantastique,
PC Cast & Kristin Cast,La Maison de la Nuit T7,,,,978-2-266-20268-8,Papier, 15,20 � ,07/12/2024,,,,,Lucien,PKJ,400,,Romance fantastique,
PC Cast & Kristin Cast,La Maison de la Nuit T8,,,,978-2-266-20269-5,Papier, 15,20 � ,07/12/2024,,,,,Lucien,PKJ,324,,Romance fantastique,
PC Cast & Kristin Cast,La Maison de la Nuit T9,,,,978-2-266-20270-1,Papier, 15,20 � ,07/12/2024,,,,,Lucien,PKJ,451,,Romance fantastique,
PC Cast & Kristin Cast,La Maison de la Nuit T10,,,,978-2-266-20271-8,Papier, 15,20 � ,07/12/2024,,,,,Lucien,PKJ,382,,Romance fantastique,
PC Cast & Kristin Cast,La Maison de la Nuit T11,,,,978-2-266-20272-5,Papier, 15,20 � ,07/12/2024,,,,,Lucien,PKJ,366,,Romance fantastique,
Peach-Pit,Rozen Mainden T2,,,,978-2-849-46409-0,Manga, 7,20 � ,,,,,,,Soleil Manga,,,,
Philippe Claudel,Le rapport de Brodeck,,,,978-2-253-12572-3,Papier, 7,10 � ,12/03/2016,,,,,,Le Livre de Poche,375,,,
Phoenix B Asher,Pine Lake Resort,,,,978-2-755-67579-5,Papier, 7,90 � ,31/10/2024,02/02/2025,,,,FNR 2024,Hugo Poche,476,Diamant,Romantic suspense,Charlie & Chris
Phoenix B Asher,Hotshot,,,,978-2-755-67964-9,Papier, 17,50 � ,12/04/2025,,,,,FLP 2025,Hugo Romans,371,,Romance psychologique,Salem & Jericho
Pierre Bordage,Jean et Clara T1,,,,978-2-081-25639-2,Papier, 6,20 � ,12/09/2020,16/02/2021,,,,,Editions Flammarion,440,Argent,Dystopie romantique,Clara & Jean
Pierre Choderlos De Laclos,Les liaisons dangereuses,,,,,Papier,,14/06/2016,23/04/2021,,,,,,,Bronze,Roman �pistolaire,
Piper CJ,The night and its moon T1,,,,979-1-041-20063-4,Hard back, 27,90 � ,30/09/2023,,,,,,Korrigan Editions,589,,,
Quino,Mafalda - INTEGRAL 60e anniversaire,,,,978-2-344-06459-7,Hard back, 35,00 � ,08/02/2025,,,,,,Gl�nat Editions,645,,,
Rachel Caine,La grande librairie T1,,,,979-1-038-10541-6,E-book, 6,99 � ,23/06/2023,,,,,,Teen Spirit,408,,,
Rachel Lippincott, Mikki Daughtry & Tobias Iadonis,Five feet apart,,,,978-2-017-13396-4,Papier, 6,90 � ,20/06/2021,31/08/2021,,,,,Le Livre de Poche Jeunesse,306,Or,Drame psychologique,Stella & Will
Rachel Smythe,Lore Olympus T1,,,,978-2-755-69324-9,BD, 24,95 � ,02/12/2022,,,,,SLPJ 2022,Hugo BD,,,Romantasy,Had�s & Pers�phone
Rebecca Yarros,Fourth Wing T1,5,,,,,E-book, -   � ,22/05/2024,23/05/2024,,,,,Hugo Romans,21,Or,Romantasy,Violet & Xaden
Rebecca Yarros,Fourth Wing T2,X,,,978-2-755-61748-3,Hard back, 29,95 � ,05/06/2024,09/01/2025,,,,,Hugo Romans,718,Diamant,Romantasy,Violet & Xaden
Rebecca Yarros,Fourth Wing T1,X,,,978-2-755-67313-5,Papier, 21,50 � ,07/06/2024,09/05/2024,02/01/2025,,,,Hugo Romans,,Diamant,Romantasy,Violet & Xaden
Reki Kawahara & Koutarou Yamada,Sword Art Online - Projet Alicization T1,,,,978-2-377-17120-0,Manga, 7,35 � ,LLCER,,,,,,Ototo - Sh�nen,,,,
Rick Riordan,Percy Jackson T1,,,,978-2-019-10995-0,Papier, 7,90 � ,,,,,,,Le Livre de Poche Jeunesse,473,,,
Romane Clessie,De larmes, de rouille et d'acier,,,,979-1-038-12090-7,E-book, 7,99 � ,29/06/2023,,,,,,BookMark - Infinity,468,,,
Sam Burns,Meutres et sorcellerie T1,,,,,E-book,,30/06/2023,,,,,,,,,,
Samantha Shannon,Le prieur� de l'oranger T1,,,,978-2-378-76272-8,Hard back, 29,90 � ,04/04/2023,,,,,,De Saxus,958,,,
Sandy Williams,Kennedif Rain T1,,,,978-2-378-12628-5,E-book, 5,99 � ,29/06/2023,,,,,,Editions Alter Real,372,,,
Sapir A Englard,Les Loups du mill�naire T1,,,,978-2-755-67097-4,Papier, 7,90 � ,10/07/2024,,,,,,Hugo Poche,319,,Romantasy,Sienna & Aiden
Sarah J Maas,Crescent City T2,,,,978-2-378-76167-7,Papier, 24,90 � ,12/12/2022,,,,,,De Saxus,924,,Romantasy,Bryce & Hunce
Sarah J Maas,Crescent City T1,X,,,978-2-378-76121-9,Hard back, 29,90 � ,06/01/2023,04/04/2023,,,,,De Saxus,952,Diamant,Romantasy,Bryce & Hunce
Sarah J Maas,Acotar T1,,,,978-2-732-48759-5,Hard back, 20,90 � ,,,,,,,La Martini�re Fiction,521,,Romantasy,
Sarah Morgan,Romance sous la neige,,,,,E-book,,29/11/2022,,,,,,,,,,
Scarlett St Clair,Had�s et Pers�phone T1,,,,978-2-755-69607-3,Papier, 18,00 � ,05/05/2022,09/08/2022,,,,,Hugo Romans,427,Diamant,Romantasy,Had�s & Pers�phone
Scarlett St Clair,Had�s et Pers�phone T2,X,,,978-2-755-69630-1,Papier, 18,00 � ,02/06/2022,20/08/2022,,,,,Hugo Romans,472,Argent,Romantasy,Had�s & Pers�phone
Scarlett St Clair,Had�s et Pers�phone T3,X,,,978-2-755-69647-9,Papier, 18,00 � ,07/07/2022,,,,,,Hugo Romans,513,,Romantasy,Had�s & Pers�phone
Scarlett St Clair,Had�s - La saga T1,,,,978-2-755-66713-4,Papier, 18,00 � ,10/05/2023,,,,,,Hugo Romans,408,,Romantasy,Had�s & Pers�phone
Scarlett St Clair,Adrian & Isolde T1,X,,,979-1-042-90018-2,Papier, 22,50 � ,31/10/2024,,,,,FNR 2024,Hugo Romans,396,,Romantasy,
Seth Graham-Smith,Abraham Lincoln Chasseur de vampires,,,,978-2-290-05728-5,Papier, 6,90 � ,17/04/2021,13/06/2021,,,,,J'ai lu Editions,406,Diamant,,
Shannon Messenger,Guardiens des Cit�s Perdues T1,,,,978-2-266-27066-3,Papier, 8,30 � ,02/12/2022,,,,,SLPJ 2022,PKJ,488,,,
Shannon Meyer,Le jeu des couronnes T1,,,,,E-book,,28/06/2023,,,,,,,,,,
Shannon Meyer,Zamira Wilson T1,,,,979-1-038-10364-1,E-book, 7,99 � ,30/06/2023,,,,,,BookMark - Infinity,320,,,
Shea Ernshaw,The wicked deep - La mal�diction des Swan sisters,,,,978-2-700-27431-8,Papier, 8,60 � ,24/04/2019,,,,,,Rageot Poche,378,,,
Sigmund Freud,Sur le r�ve,,,,978-2-070-32554-2,Papier, 8,00 � ,22/03/2016,,,,,,Folio Essais,142,,Roman philosophique,O
Sogyal Rimpoch�,Le livre tib�tain de la vie et de la mort,,,,978-2-253-06771-9,Papier, 9,10 � ,17/06/2017,,,,,,Le Livre de Poche,650,,Roman philosophique,O
Sophie Audouin-Mamikonian,Tara Duncan T2,,,,978-2-266-17655-2,Papier, 8,30 � ,13/10/2023,,,,,,PKJ,534,,,
Sophie Jomain,Les perce-neige s'�veillent sous les flocons,,,,978-2-368-12910-4,Papier, 19,00 � ,18/10/2022,,,,,,Charleston,290,,,
St�phanie Garber,Il �tait une fois un c�ur bris� T1,,,,978-2-378-76268-1,Hard back, 24,90 � ,13/04/2023,,,,,,De Saxus,376,,,
Stephen Hawking,Une br�ve histoire du temps,,,,978-2-081-21484-2,Papier, 6,10 � ,08/08/2015,,,,,,Flammarion - Champs sciences,237,,Essai scientifique,O
Stephen King,Laurie,,,,,E-book,,29/11/2022,,,,,,,,,,
Stephenie Delecroix,Joye Astal T1,,,,978-2-378-12533-2,E-book, 5,99 � ,26/06/2023,,,,,,Editions Alter Real,308,,,
St�phenie Meyer,La chimiste,,,,978-2-253-23726-6,Papier, 9,20 � ,05/05/2021,,,,,,Le Livre de Poche,697,,,
St�phenie Meyer,Twilight T1 - Fascination,,,,978-2-012-01598-2,Papier, 18,00 � ,12/09/2021,25/07/2022,,,,,Hachette,524,Argent,Romance fantastique,Isabella & Edward
St�phenie Meyer,Twilight T3 - H�sitation,,,,978-2-012-01493-0,Papier, 18,00 � ,12/09/2021,15/05/2023,,,,,Hachette,611,Bronze,Romance fantastique,Isabella & Edward
St�phenie Meyer,Twilight T2 - Tentation,,,,978-2-012-01295-0,Papier, 18,00 � ,30/11/2021,03/08/2022,,,,,Hachette,571,Bronze,Romance fantastique,Isabella & Edward
St�phenie Meyer,Twilight T3,5 - L'appel du sang, la seconde vie de Bree Tanner,,,,978-2-012-02116-7,Papier, 13,90 � ,30/11/2021,,,,,,Hachette,211,,Romance fantastique,
St�phenie Meyer,Twilight T4 - R�v�lation,,,,978-2-012-01830-3,Hard back, 20,90 � ,30/11/2021,,,,,,Hachette,752,,Romance fantastique,Isabella & Edward
St�phenie Meyer,Twilight T5 - Midnight Sun,,,,978-2-016-28609-8,Papier, 19,90 � ,06/10/2023,,,,,,Hachette Romans,798,,Romance fantastique,Isabella & Edward
Stormy B,Unlovable lovers T1,,,,978-2-380-15303-3,E-book, 7,99 � ,26/06/2023,,,,,,Nisha & Caetera,299,,,
Sun Tzu,L'art de la Guerre,,,,978-2-813-21571-0,Hard back, 24,90 � ,10/02/2023,,,,,,Guy Tr�daniel Editions,,,,
Suzanne Collins,Hunger Games T4,,,,978-2-266-33718-2,Papier, 9,50 � ,02/12/2023,,,,,SLPJ 2023,PKJ,666,,,
Suzanne Wright,La meute mercure T1,,,,978-2-811-22846-0,E-book, 5,99 � ,26/06/2023,,,,,,Editions Milady,480,,,
Sylvie Payet,Duetto,,,,978-2-918-14819-7,Papier, 4,50 � ,28/03/2022,30/03/2022,,,,Revendu,Soleils Bleus,56,J'ai lu aussi,Biographie,O
Sylvine Ploix-Hug�,Les enfants de l'Ourse T1,,,,979-1-095-52701-5,Papier, 17,00 � ,07/10/2023,,,,,,Lansdalls,461,,,
Tahereh Mafi,Insaisissable Saison 1 T1 - Ne me touche pas,,,,979-1-022-40076-3,Papier, 7,00 � ,17/07/2021,07/06/2023,,,,Donn� � Am�lie,Michel Lafon Poche,429,Argent,,
Tahereh Mafi,Insaisissable Saison 1 T2 - Ne m'�chappe pas,,,,979-1-022-40103-6,Papier, 7,00 � ,17/07/2021,17/06/2023,,,,Donn� � Am�lie,Michel Lafon Poche,524,Bronze,,
Tahereh Mafi,Insaisissable Saison 1 T3 - Ne m'abandonne pas,,,,979-1-022-40113-5,Papier, 7,00 � ,17/07/2021,17/07/2023,,,,Donn� � Am�lie,Michel Lafon Poche,441,Bronze,,
Takaya Kagami,Seraph of the end T1,,,,978-2-505-07178-5,Manga, 7,10 � ,25/02/2018,,,,,,Kana Editions,204,,,
Takaya Kagami,Seraph of the end T2,,,,978-2-505-06285-1,Manga, 7,10 � ,25/02/2018,,,,,,Kana Editions,204,,,
Tatsuya Endo,Spy Family T1,,,,978-2-380-71024-3,Manga, 7,20 � ,15/09/2020,,,,,,Kurokawa,212,,,
Team Adonis,Adonis T1,,,,979-1-041-20023-8,K-book, 14,95 � ,28/07/2023,,,,,,Kamondo Books,256,,,
Teri Terry,Effac�e T1 - Effac�e,,,,978-2-298-10898-9,Papier, 16,00 � ,06/02/2022,21/06/2022,,,,,La Martini�re Jeunesse,388,Argent,Dystopie romantique,Kyla & Ben
Teri Terry,Effac�e T2 - Fractur�e,,,,978-2-732-45605-8,Papier, 16,00 � ,06/02/2022,06/07/2022,,,,,La Martini�re Jeunesse,398,Bronze,Dystopie romantique,Kyla & Ben
Teri Terry,Effac�e T3 - Bris�e,,,,978-2-732-45606-5,Papier, 16,50 � ,06/02/2022,07/07/2022,,,,,La Martini�re Jeunesse,355,Argent,Dystopie romantique,Kyla & Ben
Th�o Lawrence,Mystic City T1,X,,,978-2-266-23192-3,Papier, 17,95 � ,13/04/2024,,,,,,PKJ,414,,,
Th�o Lemattre,Match love,,,,978-2-379-93260-1,E-book, 4,99 � ,29/11/2022,06/06/2023,,,,,Black ink',344,J'ai lu aussi,,
Tijan,Crime boss,,,,978-2-378-12711-4,E-book, 5,99 � ,29/11/2023,,,,,,Editions Alter Real,356,,,
Tiphs,Elvira, Kee'vah des clans unifi�s,,,,978-2-381-99047-7,E-book, 7,99 � ,23/06/2023,11/07/2023,,,,,Plume Blanche,576,Diamant,Romantasy,Elvira & 
Tiphs,Allunia T1,,,,978-2-381-99023-1,E-book, 7,99 � ,26/06/2023,22/07/2023,,,,,Plume Blanche,444,Diamant,Romantasy,Leah & Zam
Tiphs,Allunia T1,,,,979-1-094-78695-6,Papier, 20,00 � ,02/08/2023,22/07/2023,,,,,Plume Blanche,436,Diamant,Romantasy,Leah & Zam
Tiphs,Allunia T2,X,,,978-2-381-99026-2,Papier, 20,00 � ,02/08/2023,07/11/2023,,,,,Plume Blanche,570,Diamant,Romantasy,Leah & Zam
Tomohito Oda,Komi cherche ses mots,,,,978-2-811-67038-2,Manga, 7,20 � ,08/07/2022,,,,,,Pika Editions - Sh�nen,192,,,
Trent Dalton,Le gar�on et l'univers,,,,979-1-033-90353-6,Papier, 19,00 � ,25/12/2022,,,,,,Harper Collins,554,,,
Tricia Levenseller,La reine des ombres T1,,,,978-2-755-69478-9,Papier, 18,50 � ,02/12/2023,,,,,SLPJ 2023,Hugo - Stardust,440,,,
Tricia Levenseller,La fille du roi pirate T1,,,,978-2-755-66361-7,Papier, 19,95 � ,02/12/2023,,,,,SLPJ 2023,Hugo - Stardust,324,,,
Tricia Wolff,Assoiff�s T1,,,,XXX,Audio book, 21,99 � ,20/04/2023,04/08/2023,,,,,Audible,X,Diamant,Romantasy,Grace & Jackson
Tricia Wolff,Assoiff�s T2,,,,978-2-266-31612-5,Papier, 19,90 � ,03/06/2023,06/08/2023,,,,,PKJ,617,Or,Romantasy,Grace & Jackson
Tricia Wolff,Assoiff�s T1,,,,978-2-266-31509-8,Papier, 18,90 � ,01/08/2023,04/08/2023,,,,,PKJ,568,Diamant,Romantasy,Grace & Jackson
Tricia Wolff,Assoiff�s T3,,,,978-2-266-31613-2,Papier, 19,90 � ,07/08/2023,08/08/2023,,,,,PKJ,451,Or,Romantasy,Grace & Hudson
Tricia Wolff,Assoiff�s T4,,,,978-2-266-32858-6,Papier, 17,90 � ,07/08/2023,13/08/2023,,,,,PKJ,282,Argent,Romantasy,Grace & Hudson
Tricia Wolff,Assoiff�s T5,,,,978-2-266-33162-3,Papier, 19,90 � ,07/08/2023,16/08/2023,,,,,PKJ,402,Bronze,Romantasy,Grace & Hudson
Tricia Wolff,Assoiff�s T6,,,,978-2-266-33163-0,Papier, 19,90 � ,18/08/2023,28/09/2023,,,,,PKJ,596,Argent,Romantasy,Grace & Hudson
Tricia Wolff,Assoiff�s T7,,,,978-2-266-33590-4,Papier, 18,90 � ,02/11/2023,24/01/2024,,,,,PKJ,335,Bronze,Romantasy,Grace & Hudson
Tricia Wolff,Ethan Frost T1,,,,978-2-811-23997-8,Papier, 8,95 � ,02/11/2023,,,,,,Editions Milady Poche,378,,,
V. E. Schwab,Shades of magic T1,,,,978-2-371-02116-7,Papier, 15,00 � ,04/07/2017,,,,,Am�lie,Lumen,505,,Fantasy,
Veronica Roth,Divergente T1,X,,,978-2-266-27450-0,Papier, 8,70 � ,25/03/2021,06/04/2021,,,,,PKJ,489,Diamant,Dystopie romantique,Triss & Quatre
Veronica Roth,Divergente T2,X,,,978-2-266-27451-7,Papier, 8,70 � ,25/03/2021,11/04/2021,,,,,PKJ,523,Diamant,Dystopie romantique,Triss & Quatre
Veronica Roth,Divergente T3,X,,,978-2-266-27452-4,Papier, 8,70 � ,17/04/2021,24/04/2021,,,,,PKJ,523,Or,Dystopie romantique,Triss & Quatre
Veronica Roth,Divergente - Racont� par Quatre,X,,,978-2-266-31686-6,Papier, 7,80 � ,17/04/2021,28/04/2021,,,,,PKJ,283,Diamant,Dystopie romantique,Triss & Quatre
Violet Fontaine,Journal de Los Angeles T1,,,,978-2-215-09876-8,Papier, 12,90 � ,02/12/2015,,,,,,Fleurus Editions,260,,,
Violet Fontaine,Journal de Los Angeles T3,,,,978-2-215-12135-0,Papier, 12,90 � ,02/12/2015,,,,,,Fleurus Editions,268,,,
Violet Fontaine,Journal de Los Angeles T4,,,,978-2-215-12084-1,Papier, 12,90 � ,02/12/2015,,,,,,Fleurus Editions,313,,,
Virginie Decamps,Le Royaume du Nord T1,,,,979-1-038-13972-5,Papier, 14,99 � ,10/05/2023,,,,,,Editions Bookmark - Lost Kingdom,434,,,
Virginie Grimaldi,Et que ne durent que les moments doux,X,,,978-2-253-24195-9,Papier, 8,20 � ,15/05/2021,11/11/2022,,,,,Le Livre de Poche,373,Diamant,,
Virginie Grimaldi,Le parfum du bonheur est plus fort sous la pluie,,,,978-2-253-08811-0,Papier, 8,40 � ,18/08/2023,05/04/2024,,,,,Le Livre de Poche,409,Or,,
Yabusaka Hayasaka,Detective AI T1,,,,978-2-492-13905-5,Papier, 15,90 � ,17/01/2021,06/01/2022,,,,,Lanovel Editions,223,Bronze,,
Yoru Sumino,Je veux manger ton pancr�as,,,,978-2-376-32034-0,Papier, 16,95 � ,23/02/2023,11/04/2023,,,,Donn� � Zo�,Pika Romans,332,Or,Romance contemporaine,Sakura & 
